relative_path,bytes
2016/07/4-1-150x150.jpg,9267
2016/07/4-1-300x240.jpg,23943
2016/07/4-1-900x720.jpg,144670
2016/07/4-150x150.jpg,10874
2016/07/4-300x200.jpg,25332
2016/07/4-900x600.jpg,187808
2016/12/Header1920-1024x256.jpg,37729
2016/12/Header1920-150x150.jpg,5234
2016/12/Header1920-200x50.jpg,4064
2016/12/Header1920-219x55.jpg,4556
2016/12/Header1920-294x74.jpg,6601
2016/12/Header1920-300x300.jpg,13905
2016/12/Header1920-300x75.jpg,6706
2016/12/Header1920-464x116.jpg,11975
2016/12/Header1920-500x125.jpg,13289
2016/12/Header1920-600x150.jpg,17523
2016/12/Header1920-768x192.jpg,24758
2016/12/Header1920-900x225.jpg,31461
2016/12/Header1920-91x23.jpg,1649
2016/12/Header1920.jpg,131799
2016/12/Header4K-1024x256.jpg,33083
2016/12/Header4K-150x150.jpg,5094
2016/12/Header4K-200x50.jpg,3607
2016/12/Header4K-219x55.jpg,3924
2016/12/Header4K-294x74.jpg,5681
2016/12/Header4K-300x300.jpg,14049
2016/12/Header4K-300x75.jpg,5747
2016/12/Header4K-464x116.jpg,10550
2016/12/Header4K-500x125.jpg,11474
2016/12/Header4K-600x150.jpg,14979
2016/12/Header4K-768x192.jpg,21406
2016/12/Header4K-900x225.jpg,27646
2016/12/Header4K-91x23.jpg,1604
2016/12/Header4K.jpg,437764
2016/12/logotip100x100-91x91.png,8087
2016/12/logotip100x100.png,28200
2016/12/logotip120x120-91x91.png,11021
2016/12/logotip120x120.png,26474
2017/01/BirdWingsScarfs-1024x1024.jpg,177460
2017/01/BirdWingsScarfs-200x200.jpg,12219
2017/01/BirdWingsScarfs-300x300.jpg,24494
2017/01/BirdWingsScarfs-464x464.jpg,50641
2017/01/BirdWingsScarfs-500x500.jpg,57852
2017/01/BirdWingsScarfs-768x768.jpg,114238
2017/01/BirdWingsScarfs.jpg,413725
2017/01/BirdsWingsShawls-1024x1024.jpg,126486
2017/01/BirdsWingsShawls-200x200.jpg,8248
2017/01/BirdsWingsShawls-300x300.jpg,16056
2017/01/BirdsWingsShawls-464x464.jpg,33836
2017/01/BirdsWingsShawls-500x500.jpg,38833
2017/01/BirdsWingsShawls-768x768.jpg,79598
2017/01/BirdsWingsShawls.jpg,314842
2017/01/BlueAlgelWings-1024x1024.jpg,138672
2017/01/BlueAlgelWings-200x200.jpg,9110
2017/01/BlueAlgelWings-300x300.jpg,18144
2017/01/BlueAlgelWings-464x464.jpg,38364
2017/01/BlueAlgelWings-500x500.jpg,43924
2017/01/BlueAlgelWings-768x768.jpg,88299
2017/01/BlueAlgelWings.jpg,311140
2017/01/BlueAlgelWingsScarver-1024x1024.jpg,146458
2017/01/BlueAlgelWingsScarver-200x200.jpg,9810
2017/01/BlueAlgelWingsScarver-300x300.jpg,19649
2017/01/BlueAlgelWingsScarver-464x464.jpg,41060
2017/01/BlueAlgelWingsScarver-500x500.jpg,46813
2017/01/BlueAlgelWingsScarver-768x768.jpg,93917
2017/01/BlueAlgelWingsScarver.jpg,333505
2017/01/BlueAngel-1024x1024.jpg,98765
2017/01/BlueAngel-200x200.jpg,6906
2017/01/BlueAngel-300x300.jpg,13268
2017/01/BlueAngel-464x464.jpg,27611
2017/01/BlueAngel-500x500.jpg,31519
2017/01/BlueAngel-768x768.jpg,62829
2017/01/BlueAngel.jpg,227585
2017/01/BlueAngelWingsCottonScarfs-1024x1024.jpg,145223
2017/01/BlueAngelWingsCottonScarfs-200x200.jpg,9585
2017/01/BlueAngelWingsCottonScarfs-300x300.jpg,18880
2017/01/BlueAngelWingsCottonScarfs-464x464.jpg,39629
2017/01/BlueAngelWingsCottonScarfs-500x500.jpg,45395
2017/01/BlueAngelWingsCottonScarfs-768x768.jpg,91851
2017/01/BlueAngelWingsCottonScarfs.jpg,343440
2017/01/BlueAngelWingsScarfs-1024x1024.jpg,163340
2017/01/BlueAngelWingsScarfs-200x200.jpg,10776
2017/01/BlueAngelWingsScarfs-219x219.jpg,12580
2017/01/BlueAngelWingsScarfs-225x150.jpg,10922
2017/01/BlueAngelWingsScarfs-294x294.jpg,20822
2017/01/BlueAngelWingsScarfs-300x300.jpg,21546
2017/01/BlueAngelWingsScarfs-464x464.jpg,45273
2017/01/BlueAngelWingsScarfs-500x500.jpg,52142
2017/01/BlueAngelWingsScarfs-768x768.jpg,104681
2017/01/BlueAngelWingsScarfs-91x91.jpg,3270
2017/01/BlueAngelWingsScarfs.jpg,358076
2017/01/BlueAngelWingsShawls-1024x1024.jpg,157098
2017/01/BlueAngelWingsShawls-200x200.jpg,9914
2017/01/BlueAngelWingsShawls-300x300.jpg,19930
2017/01/BlueAngelWingsShawls-464x464.jpg,42690
2017/01/BlueAngelWingsShawls-500x500.jpg,48790
2017/01/BlueAngelWingsShawls-768x768.jpg,99677
2017/01/BlueAngelWingsShawls.jpg,372841
2017/01/BlueAngelWingsSilkScarfs-1024x1024.jpg,189690
2017/01/BlueAngelWingsSilkScarfs-200x200.jpg,11911
2017/01/BlueAngelWingsSilkScarfs-300x300.jpg,24234
2017/01/BlueAngelWingsSilkScarfs-464x464.jpg,52507
2017/01/BlueAngelWingsSilkScarfs-500x500.jpg,60145
2017/01/BlueAngelWingsSilkScarfs-768x768.jpg,121694
2017/01/BlueAngelWingsSilkScarfs.jpg,440260
2017/01/BrandWingsOfWin.svg,6050
2017/01/ContactForm-170x170.png,14790
2017/01/ContactForm-200x52.png,2747
2017/01/ContactForm-300x250.png,19370
2017/01/ContactForm-464x121.png,9681
2017/01/ContactForm-500x130.png,10799
2017/01/ContactForm-768x200.png,21053
2017/01/ContactForm.png,38872
2017/01/FairyBirdScarves-1024x1024.jpg,84513
2017/01/FairyBirdScarves-200x200.jpg,5892
2017/01/FairyBirdScarves-300x300.jpg,11223
2017/01/FairyBirdScarves-464x464.jpg,23060
2017/01/FairyBirdScarves-500x500.jpg,26463
2017/01/FairyBirdScarves-768x768.jpg,53268
2017/01/FairyBirdScarves.jpg,194091
2017/01/FairyBlueAngelWings-1024x1024.jpg,96349
2017/01/FairyBlueAngelWings-200x200.jpg,6607
2017/01/FairyBlueAngelWings-300x300.jpg,12775
2017/01/FairyBlueAngelWings-464x464.jpg,26480
2017/01/FairyBlueAngelWings-500x500.jpg,30538
2017/01/FairyBlueAngelWings-768x768.jpg,61083
2017/01/FairyBlueAngelWings.jpg,223594
2017/01/OliveWingsScarfCotton-1024x1024.jpg,146186
2017/01/OliveWingsScarfCotton-200x200.jpg,9710
2017/01/OliveWingsScarfCotton-225x225.jpg,12171
2017/01/OliveWingsScarfCotton-300x300.jpg,19389
2017/01/OliveWingsScarfCotton-450x450.jpg,39417
2017/01/OliveWingsScarfCotton-464x464.jpg,40929
2017/01/OliveWingsScarfCotton-500x500.jpg,46983
2017/01/OliveWingsScarfCotton-768x768.jpg,93862
2017/01/OliveWingsScarfCotton.jpg,336897
2017/01/PayPal-170x170.jpg,9685
2017/01/PayPal-200x52.jpg,3794
2017/01/PayPal-300x250.jpg,19082
2017/01/PayPal-464x121.jpg,11998
2017/01/PayPal-500x130.jpg,13267
2017/01/PayPal-768x200.jpg,22892
2017/01/PayPal.jpg,63130
2017/01/ScarfWhiteAngelWings-1024x1024.jpg,110317
2017/01/ScarfWhiteAngelWings-200x200.jpg,7608
2017/01/ScarfWhiteAngelWings-225x225.jpg,9515
2017/01/ScarfWhiteAngelWings-300x300.jpg,14759
2017/01/ScarfWhiteAngelWings-450x450.jpg,29539
2017/01/ScarfWhiteAngelWings-464x464.jpg,30631
2017/01/ScarfWhiteAngelWings-500x500.jpg,35298
2017/01/ScarfWhiteAngelWings-768x768.jpg,70386
2017/01/ScarfWhiteAngelWings.jpg,237470
2017/01/ScarfWingsCoffe-1024x1024.jpg,59512
2017/01/ScarfWingsCoffe-200x200.jpg,5000
2017/01/ScarfWingsCoffe-225x225.jpg,6284
2017/01/ScarfWingsCoffe-300x300.jpg,8858
2017/01/ScarfWingsCoffe-450x450.jpg,16743
2017/01/ScarfWingsCoffe-464x464.jpg,17177
2017/01/ScarfWingsCoffe-500x500.jpg,19793
2017/01/ScarfWingsCoffe-768x768.jpg,38131
2017/01/ScarfWingsCoffe.jpg,130168
2017/01/ScarfsWings-1024x1024.jpg,59469
2017/01/ScarfsWings-200x200.jpg,5526
2017/01/ScarfsWings-225x225.jpg,6740
2017/01/ScarfsWings-300x300.jpg,9608
2017/01/ScarfsWings-450x450.jpg,17752
2017/01/ScarfsWings-464x464.jpg,17971
2017/01/ScarfsWings-500x500.jpg,20540
2017/01/ScarfsWings-768x768.jpg,38358
2017/01/ScarfsWings.jpg,132257
2017/01/ScarvesCotton-1024x1024.jpg,92489
2017/01/ScarvesCotton-200x200.jpg,7369
2017/01/ScarvesCotton-225x225.jpg,9085
2017/01/ScarvesCotton-300x300.jpg,13554
2017/01/ScarvesCotton-450x450.jpg,25996
2017/01/ScarvesCotton-464x464.jpg,27031
2017/01/ScarvesCotton-500x500.jpg,30438
2017/01/ScarvesCotton-768x768.jpg,59622
2017/01/ScarvesCotton.jpg,212692
2017/01/ScarvesSilk-1024x1024.jpg,137633
2017/01/ScarvesSilk-200x200.jpg,10090
2017/01/ScarvesSilk-300x300.jpg,19165
2017/01/ScarvesSilk-464x464.jpg,39462
2017/01/ScarvesSilk-500x500.jpg,44962
2017/01/ScarvesSilk-768x768.jpg,88550
2017/01/ScarvesSilk.jpg,324698
2017/01/ScarvesWhiteAngelWings-1024x1024.jpg,85642
2017/01/ScarvesWhiteAngelWings-200x200.jpg,6171
2017/01/ScarvesWhiteAngelWings-225x225.jpg,7521
2017/01/ScarvesWhiteAngelWings-300x300.jpg,11757
2017/01/ScarvesWhiteAngelWings-450x450.jpg,23215
2017/01/ScarvesWhiteAngelWings-464x464.jpg,24192
2017/01/ScarvesWhiteAngelWings-500x500.jpg,27855
2017/01/ScarvesWhiteAngelWings-768x768.jpg,55027
2017/01/ScarvesWhiteAngelWings.jpg,124579
2017/01/ShawlWhiteAngelWings-1024x1024.jpg,133796
2017/01/ShawlWhiteAngelWings-200x200.jpg,8769
2017/01/ShawlWhiteAngelWings-225x225.jpg,10964
2017/01/ShawlWhiteAngelWings-300x300.jpg,17286
2017/01/ShawlWhiteAngelWings-450x450.jpg,34972
2017/01/ShawlWhiteAngelWings-464x464.jpg,36545
2017/01/ShawlWhiteAngelWings-500x500.jpg,41808
2017/01/ShawlWhiteAngelWings-768x768.jpg,84810
2017/01/ShawlWhiteAngelWings.jpg,297812
2017/01/ShawlsWhiteAngelWings-1024x1024.jpg,142295
2017/01/ShawlsWhiteAngelWings-200x200.jpg,9464
2017/01/ShawlsWhiteAngelWings-225x225.jpg,11851
2017/01/ShawlsWhiteAngelWings-300x300.jpg,18982
2017/01/ShawlsWhiteAngelWings-450x450.jpg,38364
2017/01/ShawlsWhiteAngelWings-464x464.jpg,39966
2017/01/ShawlsWhiteAngelWings-500x500.jpg,45719
2017/01/ShawlsWhiteAngelWings-768x768.jpg,91409
2017/01/ShawlsWhiteAngelWings.jpg,306322
2017/01/ShawlsWings-1024x1024.jpg,103515
2017/01/ShawlsWings-200x200.jpg,7958
2017/01/ShawlsWings-225x225.jpg,9974
2017/01/ShawlsWings-300x300.jpg,14985
2017/01/ShawlsWings-450x450.jpg,28843
2017/01/ShawlsWings-464x464.jpg,29878
2017/01/ShawlsWings-500x500.jpg,34033
2017/01/ShawlsWings-768x768.jpg,66275
2017/01/ShawlsWings.jpg,239888
2017/01/WhiteAngelWings-1024x1024.jpg,137093
2017/01/WhiteAngelWings-200x200.jpg,8928
2017/01/WhiteAngelWings-225x225.jpg,11273
2017/01/WhiteAngelWings-300x300.jpg,17805
2017/01/WhiteAngelWings-450x450.jpg,36146
2017/01/WhiteAngelWings-464x464.jpg,37646
2017/01/WhiteAngelWings-500x500.jpg,43213
2017/01/WhiteAngelWings-768x768.jpg,87374
2017/01/WhiteAngelWings.jpg,302228
2017/01/WhiteAngelWingsWingsFairy-1024x1024.jpg,165979
2017/01/WhiteAngelWingsWingsFairy-200x200.jpg,10772
2017/01/WhiteAngelWingsWingsFairy-225x225.jpg,13326
2017/01/WhiteAngelWingsWingsFairy-300x300.jpg,21635
2017/01/WhiteAngelWingsWingsFairy-450x450.jpg,43985
2017/01/WhiteAngelWingsWingsFairy-464x464.jpg,45987
2017/01/WhiteAngelWingsWingsFairy-500x500.jpg,52527
2017/01/WhiteAngelWingsWingsFairy-768x768.jpg,106412
2017/01/WhiteAngelWingsWingsFairy.jpg,349203
2017/01/WingsScawlsBirds-1024x1024.jpg,112174
2017/01/WingsScawlsBirds-200x200.jpg,7990
2017/01/WingsScawlsBirds-300x300.jpg,15265
2017/01/WingsScawlsBirds-464x464.jpg,31159
2017/01/WingsScawlsBirds-500x500.jpg,35826
2017/01/WingsScawlsBirds-768x768.jpg,71047
2017/01/WingsScawlsBirds.jpg,261336
2017/01/backgroundlogin-1024x576.jpg,191876
2017/01/backgroundlogin-1700x1080.jpg,488419
2017/01/backgroundlogin-1700x956.jpg,424179
2017/01/backgroundlogin-170x170.jpg,13888
2017/01/backgroundlogin-200x113.jpg,10542
2017/01/backgroundlogin-300x300.jpg,38094
2017/01/backgroundlogin-464x261.jpg,48689
2017/01/backgroundlogin-500x281.jpg,55935
2017/01/backgroundlogin-768x432.jpg,119607
2017/01/backgroundlogin.jpg,715406
2017/01/delivery-map-WingsOfWin-170x170.png,28179
2017/01/delivery-map-WingsOfWin-200x52.png,6131
2017/01/delivery-map-WingsOfWin-300x250.png,51103
2017/01/delivery-map-WingsOfWin-464x121.png,23559
2017/01/delivery-map-WingsOfWin-500x130.png,26962
2017/01/delivery-map-WingsOfWin-768x200.png,58370
2017/01/delivery-map-WingsOfWin.png,89600
2017/01/orange-scarf-wings-1024x1024.jpg,111105
2017/01/orange-scarf-wings-200x200.jpg,8752
2017/01/orange-scarf-wings-300x300.jpg,16469
2017/01/orange-scarf-wings-464x464.jpg,33261
2017/01/orange-scarf-wings-500x500.jpg,37742
2017/01/orange-scarf-wings-768x768.jpg,72520
2017/01/orange-scarf-wings.jpg,273559
2017/01/purple-scarf-woman-1024x1024.jpg,59332
2017/01/purple-scarf-woman-200x200.jpg,5029
2017/01/purple-scarf-woman-300x300.jpg,9000
2017/01/purple-scarf-woman-464x464.jpg,17393
2017/01/purple-scarf-woman-500x500.jpg,19899
2017/01/purple-scarf-woman-768x768.jpg,37815
2017/01/purple-scarf-woman.jpg,134655
2017/01/purple-wings-shawl-1024x1024.jpg,97141
2017/01/purple-wings-shawl-200x200.jpg,7393
2017/01/purple-wings-shawl-300x300.jpg,14096
2017/01/purple-wings-shawl-464x464.jpg,28320
2017/01/purple-wings-shawl-500x500.jpg,32174
2017/01/purple-wings-shawl-768x768.jpg,62687
2017/01/purple-wings-shawl.jpg,229380
2017/01/romb.svg,1369
2017/01/romblue.svg,1329
2017/01/rompirple.svg,1329
2017/01/romviolette.svg,1329
2017/01/wingsofwin-support-170x170.png,22175
2017/01/wingsofwin-support-200x52.png,10242
2017/01/wingsofwin-support-300x250.png,37177
2017/01/wingsofwin-support-464x121.png,37331
2017/01/wingsofwin-support-500x130.png,41403
2017/01/wingsofwin-support-768x200.png,73088
2017/01/wingsofwin-support.png,114556
2017/02/SatisfactionGuaranteed-170x170.png,49852
2017/02/SatisfactionGuaranteed-200x52.png,7748
2017/02/SatisfactionGuaranteed-300x250.png,98137
2017/02/SatisfactionGuaranteed-464x121.png,32386
2017/02/SatisfactionGuaranteed-500x130.png,36694
2017/02/SatisfactionGuaranteed-768x200.png,74926
2017/02/SatisfactionGuaranteed.png,127916
2017/02/WorldMap-170x170.png,24061
2017/02/WorldMap-200x108.png,18499
2017/02/WorldMap-300x300.png,59936
2017/02/WorldMap-464x249.png,72373
2017/02/WorldMap-500x269.png,80680
2017/02/WorldMap-768x413.png,141243
2017/02/WorldMap.png,178448
2017/02/background01-1024x576.jpg,179386
2017/02/background01-1700x1080.jpg,445538
2017/02/background01-1700x956.jpg,390842
2017/02/background01-170x170.jpg,13817
2017/02/background01-200x113.jpg,11143
2017/02/background01-300x300.jpg,36518
2017/02/background01-464x261.jpg,48718
2017/02/background01-500x281.jpg,55683
2017/02/background01-768x432.jpg,114158
2017/02/background01.jpg,553899
2017/02/backgroundscarfswings-1024x576.jpg,210494
2017/02/backgroundscarfswings-1700x1080.jpg,549647
2017/02/backgroundscarfswings-1700x956.jpg,476343
2017/02/backgroundscarfswings-170x170.jpg,13761
2017/02/backgroundscarfswings-200x113.jpg,10340
2017/02/backgroundscarfswings-300x300.jpg,38962
2017/02/backgroundscarfswings-464x261.jpg,50848
2017/02/backgroundscarfswings-500x281.jpg,58809
2017/02/backgroundscarfswings-768x432.jpg,129133
2017/02/backgroundscarfswings.jpg,665506
2017/02/facebook.svg,1182
2017/02/instagram.svg,780
2017/02/pinterest.svg,2419
2017/02/privacyPolicy-1-170x170.gif,11308
2017/02/privacyPolicy-1-200x160.gif,10179
2017/02/privacyPolicy-1-300x300.gif,29087
2017/02/privacyPolicy-1-464x371.gif,41839
2017/02/privacyPolicy-1-500x400.gif,44428
2017/02/privacyPolicy-1.gif,30645
2017/02/romb2.svg,1367
2017/02/romblue2.svg,1327
2017/02/rombscarface.svg,1369
2017/02/rombscarface2.svg,1367
2017/02/rompirple2.svg,1327
2017/02/romviolette2.svg,1327
2017/02/twitter.svg,866
2017/03/A-silk-scarf-turquoise-1024x1024.jpg,104318
2017/03/A-silk-scarf-turquoise-170x170.jpg,6727
2017/03/A-silk-scarf-turquoise-200x200.jpg,8558
2017/03/A-silk-scarf-turquoise-300x300.jpg,15781
2017/03/A-silk-scarf-turquoise-464x464.jpg,30930
2017/03/A-silk-scarf-turquoise-500x500.jpg,35406
2017/03/A-silk-scarf-turquoise-768x768.jpg,67495
2017/03/A-silk-scarf-turquoise.jpg,303233
2017/03/Beach-Yellow-Scarfs-1024x1024.jpg,98196
2017/03/Beach-Yellow-Scarfs-170x170.jpg,5686
2017/03/Beach-Yellow-Scarfs-200x200.jpg,7189
2017/03/Beach-Yellow-Scarfs-300x300.jpg,13696
2017/03/Beach-Yellow-Scarfs-464x464.jpg,27859
2017/03/Beach-Yellow-Scarfs-500x500.jpg,31746
2017/03/Beach-Yellow-Scarfs-768x768.jpg,62911
2017/03/Beach-Yellow-Scarfs.jpg,227237
2017/03/Big-Scarf-1024x1024.jpg,82650
2017/03/Big-Scarf-170x170.jpg,5068
2017/03/Big-Scarf-200x200.jpg,6391
2017/03/Big-Scarf-300x300.jpg,11851
2017/03/Big-Scarf-464x464.jpg,23874
2017/03/Big-Scarf-500x500.jpg,27137
2017/03/Big-Scarf-768x768.jpg,52930
2017/03/Big-Scarf.jpg,192722
2017/03/Bird-Accessories-1024x1024.jpg,124003
2017/03/Bird-Accessories-170x170.jpg,6159
2017/03/Bird-Accessories-200x200.jpg,7915
2017/03/Bird-Accessories-300x300.jpg,15527
2017/03/Bird-Accessories-464x464.jpg,32974
2017/03/Bird-Accessories-500x500.jpg,37994
2017/03/Bird-Accessories-768x768.jpg,77925
2017/03/Bird-Accessories.jpg,366843
2017/03/Black-Angel-Wings-Scarfs-1024x1024.jpg,77352
2017/03/Black-Angel-Wings-Scarfs-170x170.jpg,4890
2017/03/Black-Angel-Wings-Scarfs-200x200.jpg,5976
2017/03/Black-Angel-Wings-Scarfs-300x300.jpg,11059
2017/03/Black-Angel-Wings-Scarfs-464x464.jpg,21922
2017/03/Black-Angel-Wings-Scarfs-500x500.jpg,25084
2017/03/Black-Angel-Wings-Scarfs-768x768.jpg,48986
2017/03/Black-Angel-Wings-Scarfs.jpg,268871
2017/03/Black-Scarf-1024x1024.jpg,77417
2017/03/Black-Scarf-170x170.jpg,5601
2017/03/Black-Scarf-200x200.jpg,7007
2017/03/Black-Scarf-300x300.jpg,12525
2017/03/Black-Scarf-464x464.jpg,23794
2017/03/Black-Scarf-500x500.jpg,26927
2017/03/Black-Scarf-768x768.jpg,50532
2017/03/Black-Scarf.jpg,209790
2017/03/Black-Wings-Scarves-1024x1024.jpg,108939
2017/03/Black-Wings-Scarves-170x170.jpg,6613
2017/03/Black-Wings-Scarves-200x200.jpg,8395
2017/03/Black-Wings-Scarves-300x300.jpg,15845
2017/03/Black-Wings-Scarves-464x464.jpg,31485
2017/03/Black-Wings-Scarves-500x500.jpg,35823
2017/03/Black-Wings-Scarves-768x768.jpg,69760
2017/03/Black-Wings-Scarves.jpg,320883
2017/03/Bohemian-Feathers-Shawl-1024x1024.jpg,111845
2017/03/Bohemian-Feathers-Shawl-170x170.jpg,7683
2017/03/Bohemian-Feathers-Shawl-200x200.jpg,9657
2017/03/Bohemian-Feathers-Shawl-300x300.jpg,17424
2017/03/Bohemian-Feathers-Shawl-464x464.jpg,33863
2017/03/Bohemian-Feathers-Shawl-500x500.jpg,38035
2017/03/Bohemian-Feathers-Shawl-768x768.jpg,72145
2017/03/Bohemian-Feathers-Shawl.jpg,344034
2017/03/Boho-scarf-Wrap-1024x1024.jpg,110856
2017/03/Boho-scarf-Wrap-170x170.jpg,7620
2017/03/Boho-scarf-Wrap-200x200.jpg,9646
2017/03/Boho-scarf-Wrap-300x300.jpg,18291
2017/03/Boho-scarf-Wrap-464x464.jpg,35680
2017/03/Boho-scarf-Wrap-500x500.jpg,40266
2017/03/Boho-scarf-Wrap-768x768.jpg,74190
2017/03/Boho-scarf-Wrap.jpg,291176
2017/03/BoxWingsOfWin-1024x1024.jpg,73124
2017/03/BoxWingsOfWin-170x170.jpg,5759
2017/03/BoxWingsOfWin-200x200.jpg,7054
2017/03/BoxWingsOfWin-300x300.jpg,12487
2017/03/BoxWingsOfWin-464x464.jpg,22955
2017/03/BoxWingsOfWin-500x500.jpg,25904
2017/03/BoxWingsOfWin-768x768.jpg,47781
2017/03/BoxWingsOfWin.com_-1024x1024.jpg,58522
2017/03/BoxWingsOfWin.com_-170x170.jpg,4734
2017/03/BoxWingsOfWin.com_-200x200.jpg,5712
2017/03/BoxWingsOfWin.com_-300x300.jpg,9658
2017/03/BoxWingsOfWin.com_-464x464.jpg,17599
2017/03/BoxWingsOfWin.com_-500x500.jpg,19881
2017/03/BoxWingsOfWin.com_-768x768.jpg,37156
2017/03/BoxWingsOfWin.com_.jpg,180712
2017/03/BoxWingsOfWin.jpg,215548
2017/03/Bridesmaid-Accessories-1024x1024.jpg,101751
2017/03/Bridesmaid-Accessories-170x170.jpg,6271
2017/03/Bridesmaid-Accessories-200x200.jpg,7775
2017/03/Bridesmaid-Accessories-300x300.jpg,14049
2017/03/Bridesmaid-Accessories-464x464.jpg,27529
2017/03/Bridesmaid-Accessories-500x500.jpg,31353
2017/03/Bridesmaid-Accessories-768x768.jpg,62847
2017/03/Bridesmaid-Accessories.jpg,334014
2017/03/Bridesmaids-Gift-Accessories-1024x1024.jpg,77121
2017/03/Bridesmaids-Gift-Accessories-170x170.jpg,5265
2017/03/Bridesmaids-Gift-Accessories-200x200.jpg,6668
2017/03/Bridesmaids-Gift-Accessories-300x300.jpg,11858
2017/03/Bridesmaids-Gift-Accessories-464x464.jpg,22615
2017/03/Bridesmaids-Gift-Accessories-500x500.jpg,25675
2017/03/Bridesmaids-Gift-Accessories-768x768.jpg,49432
2017/03/Bridesmaids-Gift-Accessories.jpg,237795
2017/03/Clothing-Boho-Trendy-Wings-1024x1024.jpg,99323
2017/03/Clothing-Boho-Trendy-Wings-170x170.jpg,7028
2017/03/Clothing-Boho-Trendy-Wings-200x200.jpg,8901
2017/03/Clothing-Boho-Trendy-Wings-300x300.jpg,16253
2017/03/Clothing-Boho-Trendy-Wings-464x464.jpg,31231
2017/03/Clothing-Boho-Trendy-Wings-500x500.jpg,35237
2017/03/Clothing-Boho-Trendy-Wings-768x768.jpg,65400
2017/03/Clothing-Boho-Trendy-Wings.jpg,291309
2017/03/Coffee-Scarf-Bird-Wings-1024x1024.jpg,80630
2017/03/Coffee-Scarf-Bird-Wings-170x170.jpg,5312
2017/03/Coffee-Scarf-Bird-Wings-200x200.jpg,6748
2017/03/Coffee-Scarf-Bird-Wings-300x300.jpg,11955
2017/03/Coffee-Scarf-Bird-Wings-464x464.jpg,23490
2017/03/Coffee-Scarf-Bird-Wings-500x500.jpg,26822
2017/03/Coffee-Scarf-Bird-Wings-768x768.jpg,51815
2017/03/Coffee-Scarf-Bird-Wings.jpg,231960
2017/03/Cotton-Red-Scarf-Wings-1024x1024.jpg,123909
2017/03/Cotton-Red-Scarf-Wings-170x170.jpg,8603
2017/03/Cotton-Red-Scarf-Wings-200x200.jpg,10905
2017/03/Cotton-Red-Scarf-Wings-300x300.jpg,19924
2017/03/Cotton-Red-Scarf-Wings-464x464.jpg,38074
2017/03/Cotton-Red-Scarf-Wings-500x500.jpg,42582
2017/03/Cotton-Red-Scarf-Wings-768x768.jpg,80727
2017/03/Cotton-Red-Scarf-Wings.jpg,395112
2017/03/Cotton-Scarves-1024x1024.jpg,85743
2017/03/Cotton-Scarves-170x170.jpg,5071
2017/03/Cotton-Scarves-200x200.jpg,6417
2017/03/Cotton-Scarves-300x300.jpg,11803
2017/03/Cotton-Scarves-464x464.jpg,23664
2017/03/Cotton-Scarves-500x500.jpg,27034
2017/03/Cotton-Scarves-768x768.jpg,53924
2017/03/Cotton-Scarves.jpg,248798
2017/03/DigitalPrinting-170x170.jpg,7970
2017/03/DigitalPrinting-200x75.jpg,6118
2017/03/DigitalPrinting-300x300.jpg,17863
2017/03/DigitalPrinting-464x174.jpg,21693
2017/03/DigitalPrinting-500x188.jpg,24575
2017/03/DigitalPrinting-768x289.jpg,47275
2017/03/DigitalPrinting.jpg,137258
2017/03/DigitalPrintingKonicaMinolta-170x170.jpg,8869
2017/03/DigitalPrintingKonicaMinolta-200x38.jpg,4017
2017/03/DigitalPrintingKonicaMinolta-300x182.jpg,17150
2017/03/DigitalPrintingKonicaMinolta-464x88.jpg,13860
2017/03/DigitalPrintingKonicaMinolta-500x95.jpg,15480
2017/03/DigitalPrintingKonicaMinolta-768x146.jpg,30063
2017/03/DigitalPrintingKonicaMinolta.jpg,87310
2017/03/Family-Look-1024x1024.jpg,95863
2017/03/Family-Look-170x170.jpg,5564
2017/03/Family-Look-200x200.jpg,7022
2017/03/Family-Look-300x300.jpg,12663
2017/03/Family-Look-464x464.jpg,25170
2017/03/Family-Look-500x500.jpg,28678
2017/03/Family-Look-768x768.jpg,58653
2017/03/Family-Look-White-Scarf-1024x819.jpg,71649
2017/03/Family-Look-White-Scarf-1700x1360.jpg,152476
2017/03/Family-Look-White-Scarf-1700x1440.jpg,174548
2017/03/Family-Look-White-Scarf-170x170.jpg,6414
2017/03/Family-Look-White-Scarf-200x160.jpg,6054
2017/03/Family-Look-White-Scarf-300x300.jpg,14099
2017/03/Family-Look-White-Scarf-464x371.jpg,20896
2017/03/Family-Look-White-Scarf-500x400.jpg,23416
2017/03/Family-Look-White-Scarf-768x614.jpg,45653
2017/03/Family-Look-White-Scarf.jpg,219220
2017/03/Family-Look.jpg,311190
2017/03/Free-Wings-shawl-1024x1024.jpg,134267
2017/03/Free-Wings-shawl-170x170.jpg,7802
2017/03/Free-Wings-shawl-200x200.jpg,9966
2017/03/Free-Wings-shawl-300x300.jpg,19164
2017/03/Free-Wings-shawl-464x464.jpg,38838
2017/03/Free-Wings-shawl-500x500.jpg,43943
2017/03/Free-Wings-shawl-768x768.jpg,86361
2017/03/Free-Wings-shawl.jpg,421311
2017/03/Gift-for-her-1024x1024.jpg,102477
2017/03/Gift-for-her-170x170.jpg,6520
2017/03/Gift-for-her-200x200.jpg,8290
2017/03/Gift-for-her-300x300.jpg,15388
2017/03/Gift-for-her-464x464.jpg,30534
2017/03/Gift-for-her-500x500.jpg,34583
2017/03/Gift-for-her-768x768.jpg,66336
2017/03/Gift-for-her.jpg,288119
2017/03/Gothic-Scarf-1024x1024.jpg,100816
2017/03/Gothic-Scarf-170x170.jpg,6467
2017/03/Gothic-Scarf-200x200.jpg,8051
2017/03/Gothic-Scarf-300x300.jpg,15026
2017/03/Gothic-Scarf-464x464.jpg,29858
2017/03/Gothic-Scarf-500x500.jpg,33894
2017/03/Gothic-Scarf-768x768.jpg,64858
2017/03/Gothic-Scarf.jpg,279639
2017/03/Green-Wings-Scarf-1024x1024.jpg,58101
2017/03/Green-Wings-Scarf-170x170.jpg,4163
2017/03/Green-Wings-Scarf-200x200.jpg,5187
2017/03/Green-Wings-Scarf-300x300.jpg,9068
2017/03/Green-Wings-Scarf-464x464.jpg,17319
2017/03/Green-Wings-Scarf-500x500.jpg,19852
2017/03/Green-Wings-Scarf-768x768.jpg,37257
2017/03/Green-Wings-Scarf.jpg,132453
2017/03/Halloween-Black-Silk-Shawl-Wings-1024x1024.jpg,80692
2017/03/Halloween-Black-Silk-Shawl-Wings-170x170.jpg,5700
2017/03/Halloween-Black-Silk-Shawl-Wings-200x200.jpg,7329
2017/03/Halloween-Black-Silk-Shawl-Wings-300x300.jpg,12917
2017/03/Halloween-Black-Silk-Shawl-Wings-464x464.jpg,24889
2017/03/Halloween-Black-Silk-Shawl-Wings-500x500.jpg,28035
2017/03/Halloween-Black-Silk-Shawl-Wings-768x768.jpg,52412
2017/03/Halloween-Black-Silk-Shawl-Wings.jpg,219758
2017/03/Ladies-Scarf-1024x1024.jpg,130531
2017/03/Ladies-Scarf-170x170.jpg,6799
2017/03/Ladies-Scarf-200x200.jpg,8760
2017/03/Ladies-Scarf-300x300.jpg,17128
2017/03/Ladies-Scarf-464x464.jpg,35869
2017/03/Ladies-Scarf-500x500.jpg,41065
2017/03/Ladies-Scarf-768x768.jpg,82659
2017/03/Ladies-Scarf.jpg,387474
2017/03/Orange-Woman-Silk-Shawl-1024x1024.jpg,109639
2017/03/Orange-Woman-Silk-Shawl-170x170.jpg,6341
2017/03/Orange-Woman-Silk-Shawl-200x200.jpg,8196
2017/03/Orange-Woman-Silk-Shawl-300x300.jpg,15772
2017/03/Orange-Woman-Silk-Shawl-464x464.jpg,31862
2017/03/Orange-Woman-Silk-Shawl-500x500.jpg,36252
2017/03/Orange-Woman-Silk-Shawl-768x768.jpg,70625
2017/03/Orange-Woman-Silk-Shawl.jpg,326397
2017/03/Oversized-Sized-Scarf-1024x1024.jpg,79273
2017/03/Oversized-Sized-Scarf-170x170.jpg,5449
2017/03/Oversized-Sized-Scarf-200x200.jpg,6836
2017/03/Oversized-Sized-Scarf-300x300.jpg,12622
2017/03/Oversized-Sized-Scarf-464x464.jpg,24169
2017/03/Oversized-Sized-Scarf-500x500.jpg,27598
2017/03/Oversized-Sized-Scarf-768x768.jpg,51768
2017/03/Oversized-Sized-Scarf.jpg,189323
2017/03/Owl-Scarf-1024x1024.jpg,77007
2017/03/Owl-Scarf-170x170.jpg,4901
2017/03/Owl-Scarf-200x200.jpg,6177
2017/03/Owl-Scarf-300x300.jpg,11301
2017/03/Owl-Scarf-464x464.jpg,22023
2017/03/Owl-Scarf-500x500.jpg,25064
2017/03/Owl-Scarf-768x768.jpg,48823
2017/03/Owl-Scarf-White-1024x1024.jpg,93093
2017/03/Owl-Scarf-White-170x170.jpg,6344
2017/03/Owl-Scarf-White-200x200.jpg,7590
2017/03/Owl-Scarf-White-300x300.jpg,13671
2017/03/Owl-Scarf-White-464x464.jpg,26034
2017/03/Owl-Scarf-White-500x500.jpg,29663
2017/03/Owl-Scarf-White-768x768.jpg,58139
2017/03/Owl-Scarf-White.jpg,292357
2017/03/Owl-Scarf.jpg,228128
2017/03/Pink-scarf-1024x1024.jpg,107804
2017/03/Pink-scarf-170x170.jpg,6760
2017/03/Pink-scarf-200x200.jpg,8535
2017/03/Pink-scarf-300x300.jpg,16277
2017/03/Pink-scarf-464x464.jpg,32356
2017/03/Pink-scarf-500x500.jpg,36577
2017/03/Pink-scarf-768x768.jpg,70059
2017/03/Pink-scarf.jpg,261167
2017/03/Purple-Winged-Scarfs-1024x1024.jpg,115508
2017/03/Purple-Winged-Scarfs-170x170.jpg,5942
2017/03/Purple-Winged-Scarfs-200x200.jpg,7610
2017/03/Purple-Winged-Scarfs-300x300.jpg,15090
2017/03/Purple-Winged-Scarfs-464x464.jpg,31814
2017/03/Purple-Winged-Scarfs-500x500.jpg,36428
2017/03/Purple-Winged-Scarfs-768x768.jpg,73565
2017/03/Purple-Winged-Scarfs.jpg,343673
2017/03/Red-Feather-1024x1024.jpg,103480
2017/03/Red-Feather-170x170.jpg,6288
2017/03/Red-Feather-200x200.jpg,7933
2017/03/Red-Feather-300x300.jpg,14994
2017/03/Red-Feather-464x464.jpg,30001
2017/03/Red-Feather-500x500.jpg,34191
2017/03/Red-Feather-768x768.jpg,66391
2017/03/Red-Feather.jpg,258414
2017/03/Red-Women-Scarves-Girls-1024x1024.jpg,133767
2017/03/Red-Women-Scarves-Girls-170x170.jpg,7063
2017/03/Red-Women-Scarves-Girls-200x200.jpg,9250
2017/03/Red-Women-Scarves-Girls-300x300.jpg,18291
2017/03/Red-Women-Scarves-Girls-464x464.jpg,37994
2017/03/Red-Women-Scarves-Girls-500x500.jpg,43722
2017/03/Red-Women-Scarves-Girls-768x768.jpg,85834
2017/03/Red-Women-Scarves-Girls.jpg,339475
2017/03/Red-Wrap-Scarfs-1024x1024.jpg,68972
2017/03/Red-Wrap-Scarfs-170x170.jpg,4427
2017/03/Red-Wrap-Scarfs-200x200.jpg,5546
2017/03/Red-Wrap-Scarfs-300x300.jpg,10159
2017/03/Red-Wrap-Scarfs-464x464.jpg,19966
2017/03/Red-Wrap-Scarfs-500x500.jpg,22809
2017/03/Red-Wrap-Scarfs-768x768.jpg,44159
2017/03/Red-Wrap-Scarfs.jpg,165559
2017/03/STUDIO-170x170.jpg,8410
2017/03/STUDIO-200x75.jpg,6154
2017/03/STUDIO-300x300.jpg,19211
2017/03/STUDIO-464x174.jpg,22673
2017/03/STUDIO-500x188.jpg,26150
2017/03/STUDIO-768x289.jpg,50111
2017/03/STUDIO.jpg,143589
2017/03/Sarong-Cover-Scarf-1024x1024.jpg,82801
2017/03/Sarong-Cover-Scarf-170x170.jpg,4796
2017/03/Sarong-Cover-Scarf-200x200.jpg,6108
2017/03/Sarong-Cover-Scarf-300x300.jpg,11375
2017/03/Sarong-Cover-Scarf-464x464.jpg,23012
2017/03/Sarong-Cover-Scarf-500x500.jpg,26345
2017/03/Sarong-Cover-Scarf-768x768.jpg,52402
2017/03/Sarong-Cover-Scarf.jpg,233520
2017/03/Scarves-wings-1024x1024.jpg,134553
2017/03/Scarves-wings-170x170.jpg,7155
2017/03/Scarves-wings-300x300.jpg,18219
2017/03/Scarves-wings-768x768.jpg,86017
2017/03/Scarves-wings.jpg,319804
2017/03/Shawls-Black-Wings-1024x1024.jpg,60621
2017/03/Shawls-Black-Wings-170x170.jpg,4257
2017/03/Shawls-Black-Wings-200x200.jpg,5275
2017/03/Shawls-Black-Wings-300x300.jpg,9352
2017/03/Shawls-Black-Wings-464x464.jpg,17932
2017/03/Shawls-Black-Wings-500x500.jpg,20548
2017/03/Shawls-Black-Wings-768x768.jpg,38780
2017/03/Shawls-Black-Wings.jpg,212046
2017/03/Silk-Satin-Wings-1024x1024.jpg,118909
2017/03/Silk-Satin-Wings-170x170.jpg,8548
2017/03/Silk-Satin-Wings-200x200.jpg,10772
2017/03/Silk-Satin-Wings-300x300.jpg,19569
2017/03/Silk-Satin-Wings-464x464.jpg,36953
2017/03/Silk-Satin-Wings-500x500.jpg,41518
2017/03/Silk-Satin-Wings-768x768.jpg,77370
2017/03/Silk-Satin-Wings.jpg,360496
2017/03/Silk-owl-scarf-1024x1024.jpg,70680
2017/03/Silk-owl-scarf-170x170.jpg,4798
2017/03/Silk-owl-scarf-200x200.jpg,5985
2017/03/Silk-owl-scarf-300x300.jpg,10758
2017/03/Silk-owl-scarf-464x464.jpg,20481
2017/03/Silk-owl-scarf-500x500.jpg,23510
2017/03/Silk-owl-scarf-768x768.jpg,44792
2017/03/Silk-owl-scarf.jpg,210196
2017/03/Silk-scarf-Angel-Wings-1024x1024.jpg,121988
2017/03/Silk-scarf-Angel-Wings-170x170.jpg,6661
2017/03/Silk-scarf-Angel-Wings-200x200.jpg,8534
2017/03/Silk-scarf-Angel-Wings-300x300.jpg,16628
2017/03/Silk-scarf-Angel-Wings-464x464.jpg,34587
2017/03/Silk-scarf-Angel-Wings-500x500.jpg,39395
2017/03/Silk-scarf-Angel-Wings-768x768.jpg,78367
2017/03/Silk-scarf-Angel-Wings.jpg,332159
2017/03/Wedding-Bridal-Party-Scarves-1024x1024.jpg,131486
2017/03/Wedding-Bridal-Party-Scarves-170x170.jpg,6492
2017/03/Wedding-Bridal-Party-Scarves-200x200.jpg,8294
2017/03/Wedding-Bridal-Party-Scarves-300x300.jpg,16398
2017/03/Wedding-Bridal-Party-Scarves-464x464.jpg,35046
2017/03/Wedding-Bridal-Party-Scarves-500x500.jpg,40244
2017/03/Wedding-Bridal-Party-Scarves-768x768.jpg,82899
2017/03/Wedding-Bridal-Party-Scarves.jpg,360903
2017/03/Winged-Scarf-Black-Silk-1024x1024.jpg,61822
2017/03/Winged-Scarf-Black-Silk-170x170.jpg,4130
2017/03/Winged-Scarf-Black-Silk-200x200.jpg,5181
2017/03/Winged-Scarf-Black-Silk-300x300.jpg,9168
2017/03/Winged-Scarf-Black-Silk-464x464.jpg,17931
2017/03/Winged-Scarf-Black-Silk-500x500.jpg,20515
2017/03/Winged-Scarf-Black-Silk-768x768.jpg,39664
2017/03/Winged-Scarf-Black-Silk.jpg,215988
2017/03/Wings-Gift-For-Bridesmaid-1024x1024.jpg,105883
2017/03/Wings-Gift-For-Bridesmaid-170x170.jpg,6920
2017/03/Wings-Gift-For-Bridesmaid-200x200.jpg,8903
2017/03/Wings-Gift-For-Bridesmaid-300x300.jpg,16688
2017/03/Wings-Gift-For-Bridesmaid-464x464.jpg,32499
2017/03/Wings-Gift-For-Bridesmaid-500x500.jpg,36811
2017/03/Wings-Gift-For-Bridesmaid-768x768.jpg,69536
2017/03/Wings-Gift-For-Bridesmaid.jpg,293939
2017/03/Yellow-Shawls-Natural-Cotton-1024x1024.jpg,92567
2017/03/Yellow-Shawls-Natural-Cotton-170x170.jpg,5700
2017/03/Yellow-Shawls-Natural-Cotton-200x200.jpg,7274
2017/03/Yellow-Shawls-Natural-Cotton-300x300.jpg,13444
2017/03/Yellow-Shawls-Natural-Cotton-464x464.jpg,26847
2017/03/Yellow-Shawls-Natural-Cotton-500x500.jpg,30678
2017/03/Yellow-Shawls-Natural-Cotton-768x768.jpg,59335
2017/03/Yellow-Shawls-Natural-Cotton.jpg,221002
2017/03/abstract-butterfly-170x170.jpg,6743
2017/03/abstract-butterfly-200x82.jpg,5549
2017/03/abstract-butterfly-300x300.jpg,14143
2017/03/abstract-butterfly-464x191.jpg,18529
2017/03/abstract-butterfly-500x206.jpg,20901
2017/03/abstract-butterfly-768x316.jpg,37607
2017/03/abstract-butterfly.jpg,110468
2017/03/packaging-WingsOfWin-170x170.jpg,4555
2017/03/packaging-WingsOfWin-200x80.jpg,2138
2017/03/packaging-WingsOfWin-300x252.jpg,8003
2017/03/packaging-WingsOfWin-464x186.jpg,5816
2017/03/packaging-WingsOfWin-500x200.jpg,6423
2017/03/packaging-WingsOfWin.jpg,24300
2017/03/packaging-wings-scarf-1024x971.jpg,67375
2017/03/packaging-wings-scarf-1700x1612.jpg,152588
2017/03/packaging-wings-scarf-1700x1700.jpg,164383
2017/03/packaging-wings-scarf-170x170.jpg,5184
2017/03/packaging-wings-scarf-200x190.jpg,6065
2017/03/packaging-wings-scarf-300x300.jpg,11397
2017/03/packaging-wings-scarf-464x440.jpg,20206
2017/03/packaging-wings-scarf-500x474.jpg,22879
2017/03/packaging-wings-scarf-768x728.jpg,42915
2017/03/packaging-wings-scarf.jpg,500317
2017/03/scarf-Wings-Shawl-1024x1024.jpg,142040
2017/03/scarf-Wings-Shawl-170x170.jpg,7692
2017/03/scarf-Wings-Shawl-200x200.jpg,10107
2017/03/scarf-Wings-Shawl-300x300.jpg,19858
2017/03/scarf-Wings-Shawl-464x464.jpg,41248
2017/03/scarf-Wings-Shawl-500x500.jpg,47015
2017/03/scarf-Wings-Shawl-768x768.jpg,92234
2017/03/scarf-Wings-Shawl.jpg,325004
2017/03/scarf-sarong-1024x1024.jpg,78076
2017/03/scarf-sarong-170x170.jpg,5191
2017/03/scarf-sarong-200x200.jpg,6477
2017/03/scarf-sarong-300x300.jpg,11834
2017/03/scarf-sarong-464x464.jpg,23013
2017/03/scarf-sarong-500x500.jpg,26230
2017/03/scarf-sarong-768x768.jpg,50161
2017/03/scarf-sarong.jpg,188978
2017/03/scarfs-women-1024x1024.jpg,106522
2017/03/scarfs-women-170x170.jpg,6823
2017/03/scarfs-women-200x200.jpg,8574
2017/03/scarfs-women-300x300.jpg,16177
2017/03/scarfs-women-464x464.jpg,31880
2017/03/scarfs-women-500x500.jpg,36282
2017/03/scarfs-women-768x768.jpg,69006
2017/03/scarfs-women.jpg,306857
2017/03/scarves-angel-wings-1024x1024.jpg,99370
2017/03/scarves-angel-wings-170x170.jpg,5629
2017/03/scarves-angel-wings-200x200.jpg,7202
2017/03/scarves-angel-wings-300x300.jpg,13701
2017/03/scarves-angel-wings-464x464.jpg,28006
2017/03/scarves-angel-wings-500x500.jpg,31962
2017/03/scarves-angel-wings-768x768.jpg,63309
2017/03/scarves-angel-wings.jpg,238688
2017/03/scarves-wings-200x200.jpg,8453
2017/03/scarves-wings-464x464.jpg,29032
2017/03/scarves-wings-500x500.jpg,32928
2017/03/sketch-170x170.jpg,13778
2017/03/sketch-200x70.jpg,7775
2017/03/sketch-300x300.jpg,32378
2017/03/sketch-464x162.jpg,33670
2017/03/sketch-500x175.jpg,37881
2017/03/sketch-768x269.jpg,73730
2017/03/sketch.jpg,134935
2017/03/wardrobe-170x170.jpg,7822
2017/03/wardrobe-200x181.jpg,8828
2017/03/wardrobe-300x300.jpg,19257
2017/03/wardrobe.jpg,52670
2017/03/wings-bird-1024x1024.jpg,126660
2017/03/wings-bird-170x170.jpg,8257
2017/03/wings-bird-200x200.jpg,10541
2017/03/wings-bird-300x300.jpg,19337
2017/03/wings-bird-464x464.jpg,38234
2017/03/wings-bird-500x500.jpg,43308
2017/03/wings-bird-768x768.jpg,82701
2017/03/wings-bird.jpg,379006
2017/03/wings-scarf-1024x1024.jpg,72733
2017/03/wings-scarf-170x170.jpg,4372
2017/03/wings-scarf-200x200.jpg,5454
2017/03/wings-scarf-300x300.jpg,10193
2017/03/wings-scarf-464x464.jpg,20609
2017/03/wings-scarf-500x500.jpg,23782
2017/03/wings-scarf-768x768.jpg,46438
2017/03/wings-scarf.jpg,166097
2017/03/wings-shawls-1024x1024.jpg,93405
2017/03/wings-shawls-170x170.jpg,6102
2017/03/wings-shawls-200x200.jpg,7588
2017/03/wings-shawls-300x300.jpg,13972
2017/03/wings-shawls-464x464.jpg,27506
2017/03/wings-shawls-500x500.jpg,31242
2017/03/wings-shawls-768x768.jpg,59962
2017/03/wings-shawls.jpg,260634
2017/03/yellow-scarf-1024x1024.jpg,80954
2017/03/yellow-scarf-170x170.jpg,4768
2017/03/yellow-scarf-200x200.jpg,5974
2017/03/yellow-scarf-300x300.jpg,11365
2017/03/yellow-scarf-464x464.jpg,23061
2017/03/yellow-scarf-500x500.jpg,26350
2017/03/yellow-scarf-768x768.jpg,51672
2017/03/yellow-scarf.jpg,185724
2017/04/Oversized-Felted-Scarfs-1024x1024.jpg,55533
2017/04/Oversized-Felted-Scarfs-170x170.jpg,4036
2017/04/Oversized-Felted-Scarfs-200x200.jpg,4926
2017/04/Oversized-Felted-Scarfs-300x300.jpg,8574
2017/04/Oversized-Felted-Scarfs-464x464.jpg,16201
2017/04/Oversized-Felted-Scarfs-500x500.jpg,18583
2017/04/Oversized-Felted-Scarfs-768x768.jpg,35370
2017/04/Oversized-Felted-Scarfs.jpg,152908
2017/04/Oversized-Wrap-Scarfs-1024x1024.jpg,71455
2017/04/Oversized-Wrap-Scarfs-170x170.jpg,5527
2017/04/Oversized-Wrap-Scarfs-200x200.jpg,7039
2017/04/Oversized-Wrap-Scarfs-300x300.jpg,12359
2017/04/Oversized-Wrap-Scarfs-464x464.jpg,23116
2017/04/Oversized-Wrap-Scarfs-500x500.jpg,26064
2017/04/Oversized-Wrap-Scarfs-768x768.jpg,47609
2017/04/Oversized-Wrap-Scarfs.jpg,185149
2017/04/Scarves-Gothic-Silk-Fiber-1024x1024.jpg,83769
2017/04/Scarves-Gothic-Silk-Fiber-170x170.jpg,6336
2017/04/Scarves-Gothic-Silk-Fiber-200x200.jpg,7865
2017/04/Scarves-Gothic-Silk-Fiber-300x300.jpg,14181
2017/04/Scarves-Gothic-Silk-Fiber-464x464.jpg,27174
2017/04/Scarves-Gothic-Silk-Fiber-500x500.jpg,30421
2017/04/Scarves-Gothic-Silk-Fiber-768x768.jpg,55561
2017/04/Scarves-Gothic-Silk-Fiber.jpg,229854
2017/04/Warm-Shawls-Black-Wings-Dark-Angel-1-1024x1024.jpg,70737
2017/04/Warm-Shawls-Black-Wings-Dark-Angel-1-170x170.jpg,5422
2017/04/Warm-Shawls-Black-Wings-Dark-Angel-1-200x200.jpg,6610
2017/04/Warm-Shawls-Black-Wings-Dark-Angel-1-300x300.jpg,11648
2017/04/Warm-Shawls-Black-Wings-Dark-Angel-1-464x464.jpg,22096
2017/04/Warm-Shawls-Black-Wings-Dark-Angel-1-500x500.jpg,25035
2017/04/Warm-Shawls-Black-Wings-Dark-Angel-1-768x768.jpg,46002
2017/04/Warm-Shawls-Black-Wings-Dark-Angel-1.jpg,189620
2017/04/Warm-Shawls-Black-Wings-Dark-Angel-1024x1024.jpg,70745
2017/04/Warm-Shawls-Black-Wings-Dark-Angel-170x170.jpg,5425
2017/04/Warm-Shawls-Black-Wings-Dark-Angel-200x200.jpg,6611
2017/04/Warm-Shawls-Black-Wings-Dark-Angel-300x300.jpg,11652
2017/04/Warm-Shawls-Black-Wings-Dark-Angel-464x464.jpg,22099
2017/04/Warm-Shawls-Black-Wings-Dark-Angel-500x500.jpg,25025
2017/04/Warm-Shawls-Black-Wings-Dark-Angel-768x768.jpg,46014
2017/04/Warm-Shawls-Black-Wings-Dark-Angel.jpg,189668
2017/04/Warm-Wrap-Black-Shawls-1024x1024.jpg,63194
2017/04/Warm-Wrap-Black-Shawls-170x170.jpg,4823
2017/04/Warm-Wrap-Black-Shawls-200x200.jpg,6081
2017/04/Warm-Wrap-Black-Shawls-300x300.jpg,10733
2017/04/Warm-Wrap-Black-Shawls-464x464.jpg,19763
2017/04/Warm-Wrap-Black-Shawls-500x500.jpg,22684
2017/04/Warm-Wrap-Black-Shawls-768x768.jpg,41208
2017/04/Warm-Wrap-Black-Shawls.jpg,171499
2017/04/Warm-Wrap-Silk-Wool-Wings-Scarfs-1024x948.jpg,54419
2017/04/Warm-Wrap-Silk-Wool-Wings-Scarfs-1700x1574.jpg,116059
2017/04/Warm-Wrap-Silk-Wool-Wings-Scarfs-1700x1700.jpg,127142
2017/04/Warm-Wrap-Silk-Wool-Wings-Scarfs-170x170.jpg,5940
2017/04/Warm-Wrap-Silk-Wool-Wings-Scarfs-200x185.jpg,6547
2017/04/Warm-Wrap-Silk-Wool-Wings-Scarfs-300x300.jpg,11762
2017/04/Warm-Wrap-Silk-Wool-Wings-Scarfs-464x430.jpg,18878
2017/04/Warm-Wrap-Silk-Wool-Wings-Scarfs-500x463.jpg,20718
2017/04/Warm-Wrap-Silk-Wool-Wings-Scarfs-768x711.jpg,36813
2017/04/Warm-Wrap-Silk-Wool-Wings-Scarfs.jpg,285014
2017/04/Warm-Wrap-Wings-Scarfs-1133x1700.jpg,74093
2017/04/Warm-Wrap-Wings-Scarfs-133x200.jpg,3640
2017/04/Warm-Wrap-Wings-Scarfs-1700x1700.jpg,105832
2017/04/Warm-Wrap-Wings-Scarfs-170x170.jpg,3977
2017/04/Warm-Wrap-Wings-Scarfs-300x300.jpg,8176
2017/04/Warm-Wrap-Wings-Scarfs-309x464.jpg,11198
2017/04/Warm-Wrap-Wings-Scarfs-333x500.jpg,12521
2017/04/Warm-Wrap-Wings-Scarfs-683x1024.jpg,34625
2017/04/Warm-Wrap-Wings-Scarfs-768x1152.jpg,40551
2017/04/Warm-Wrap-Wings-Scarfs.jpg,376147
2017/04/Warm-Wrap-Wings-Shawls-1024x948.jpg,43763
2017/04/Warm-Wrap-Wings-Shawls-1700x1574.jpg,96541
2017/04/Warm-Wrap-Wings-Shawls-1700x1700.jpg,106045
2017/04/Warm-Wrap-Wings-Shawls-170x170.jpg,3922
2017/04/Warm-Wrap-Wings-Shawls-200x185.jpg,4269
2017/04/Warm-Wrap-Wings-Shawls-300x300.jpg,8189
2017/04/Warm-Wrap-Wings-Shawls-464x430.jpg,13658
2017/04/Warm-Wrap-Wings-Shawls-500x463.jpg,15073
2017/04/Warm-Wrap-Wings-Shawls-768x711.jpg,28666
2017/04/Warm-Wrap-Wings-Shawls.jpg,222187
GeoIP.dat,1242574
GeoIPv6.dat,2297267
pixel-caffeine/.htaccess,13
pixel-caffeine/index.html,0
revslider/templates/360panorama/slide1.jpg,15737
revslider/templates/360panorama/slide2.jpg,16431
revslider/templates/360panorama/slide3.jpg,20606
revslider/templates/404errorpage/slide1.jpg,14054
revslider/templates/80s/slide1.jpg,9907
revslider/templates/ComingSoonAddon/slide1.jpg,14389
revslider/templates/NiceAndClean_About/slide1.jpg,7182
revslider/templates/NiceAndClean_Header/slide1.jpg,11023
revslider/templates/NiceAndClean_Menu/slide1.jpg,7717
revslider/templates/NiceAndClean_Projects/slide1.jpg,11289
revslider/templates/NiceAndClean_Projects/slide2.jpg,9496
revslider/templates/NiceAndClean_Projects/slide3.jpg,8652
revslider/templates/NiceAndClean_Projects/slide4.jpg,8613
revslider/templates/NiceAndClean_Projects/slide5.jpg,10132
revslider/templates/NiceAndClean_Services/slide1.jpg,9714
revslider/templates/agencywebsiteheader/slide1.jpg,14236
revslider/templates/agencywebsiteheader/slide2.jpg,14685
revslider/templates/agencywebsiteheader/slide3.jpg,8705
revslider/templates/applandingpage/slide1.jpg,12262
revslider/templates/appshowcase/slide1.jpg,8920
revslider/templates/beforeafterslider/slide1.jpg,8885
revslider/templates/beforeafterslider/slide2.jpg,10964
revslider/templates/beforeafterslider/slide3.jpg,13313
revslider/templates/betteryoutube/slide1.jpg,8889
revslider/templates/betteryoutube/slide2.jpg,12413
revslider/templates/betteryoutube/slide3.jpg,12157
revslider/templates/blendmodeheader/slide1.jpg,8740
revslider/templates/blurslider/slide1.jpg,7773
revslider/templates/blurslider/slide2.jpg,8869
revslider/templates/blurslider/slide3.jpg,8645
revslider/templates/bubblemorph/slide1.jpg,7094
revslider/templates/bubblemorph/slide2.jpg,7465
revslider/templates/bubblemorph/slide3.jpg,6025
revslider/templates/cardealership/slide1.jpg,17777
revslider/templates/cardealership/slide2.jpg,19146
revslider/templates/cardealership/slide3.jpg,15426
revslider/templates/cardealership/slide4.jpg,18623
revslider/templates/carouselgallery/slide1.jpg,13586
revslider/templates/carouselgallery/slide2.jpg,12911
revslider/templates/carouselgallery/slide3.jpg,9765
revslider/templates/carouselgallery/slide4.jpg,12366
revslider/templates/carouselgallery/slide5.jpg,10751
revslider/templates/carouselgallery/slide6.jpg,9991
revslider/templates/clean-news-post-based/slide1.jpg,17618
revslider/templates/cleanlandingpage/slide1.jpg,11640
revslider/templates/cleannewsslider/slide1.jpg,17618
revslider/templates/cleannewsslider/slide2.jpg,18347
revslider/templates/cleannewsslider/slide3.jpg,16774
revslider/templates/cleannewsslider/slide4.jpg,17950
revslider/templates/cleannewsslider/slide5.jpg,17607
revslider/templates/clear-view-clients/slide1.jpg,8667
revslider/templates/clear-view-contact/slide1.jpg,7061
revslider/templates/clear-view-news/slide1.jpg,16041
revslider/templates/clear-view-single-contact/slide1.jpg,7061
revslider/templates/clear-view-single-header/slide1.jpg,8445
revslider/templates/clear-view-single-media/slide1.jpg,11446
revslider/templates/clear-view-single-menu/slide1.jpg,3137
revslider/templates/clear-view-single-more/slide1.jpg,13195
revslider/templates/clear-view-slider/slide1.jpg,15310
revslider/templates/clear-view-slider/slide2.jpg,10317
revslider/templates/clear-view-slider/slide3.jpg,13287
revslider/templates/clearcut/slide1.jpg,7951
revslider/templates/clearcut/slide10.jpg,9787
revslider/templates/clearcut/slide2.jpg,8555
revslider/templates/clearcut/slide3.jpg,7069
revslider/templates/clearcut/slide4.jpg,10453
revslider/templates/clearcut/slide5.jpg,8946
revslider/templates/clearcut/slide6.jpg,8818
revslider/templates/clearcut/slide7.jpg,9298
revslider/templates/clearcut/slide8.jpg,7733
revslider/templates/clearcut/slide9.jpg,9840
revslider/templates/clearview_header/slide1.jpg,7028
revslider/templates/clearview_menu/slide1.jpg,3886
revslider/templates/clearview_mission/slide1.jpg,5335
revslider/templates/comingsoon/slide1.jpg,8484
revslider/templates/comingsoon/slide2.jpg,13259
revslider/templates/comingsoon/slide3.jpg,15725
revslider/templates/contentzoom/slide1.jpg,6597
revslider/templates/contentzoom/slide2.jpg,6597
revslider/templates/contentzoom/slide3.jpg,4597
revslider/templates/creativefrontpage/slide1.jpg,7945
revslider/templates/creativefrontpage/slide2.jpg,10288
revslider/templates/creativefrontpage/slide3.jpg,9619
revslider/templates/creativefrontpage/slide4.jpg,10445
revslider/templates/creativefrontpage/slide5.jpg,8757
revslider/templates/creativefrontpage/slide6.jpg,6457
revslider/templates/creativefrontpage/slide7.jpg,6971
revslider/templates/creativefrontpage/slide8.jpg,8742
revslider/templates/cryptoslider/slide1.jpg,10470
revslider/templates/cryptoslider/slide2.jpg,5536
revslider/templates/cryptoslider/slide3.jpg,4947
revslider/templates/cryptoslider/slide4.jpg,9136
revslider/templates/dark-fullsite-block-1/slide1.jpg,15146
revslider/templates/dark-fullsite-block-2-about/slide1.jpg,5037
revslider/templates/dark-fullsite-block-2-about/slide2.jpg,5980
revslider/templates/dark-fullsite-block-3-services/slide1.jpg,11707
revslider/templates/dark-fullsite-block-3-services/slide2.jpg,11280
revslider/templates/dark-fullsite-block-4-products/slide1.jpg,10522
revslider/templates/dark-fullsite-block-4-products/slide2.jpg,6243
revslider/templates/dark-fullsite-block-4-products/slide3.jpg,11839
revslider/templates/dark-fullsite-block-4-products/slide4.jpg,9860
revslider/templates/dark-fullsite-block-4-products/slide5.jpg,10364
revslider/templates/dark-fullsite-block-5-testimonials/slide1.jpg,11723
revslider/templates/dark-fullsite-block-6-callout/slide1.jpg,9566
revslider/templates/dark-fullsite-block-7-footer/slide1.jpg,5086
revslider/templates/dark-fullsite-block-menu/slide1.jpg,6176
revslider/templates/deskscene/slide1.jpg,9383
revslider/templates/distortionaddon/slide1.jpg,9716
revslider/templates/distortionaddon/slide2.jpg,6988
revslider/templates/distortionaddon/slide3.jpg,12087
revslider/templates/distortionaddon/slide4.jpg,6512
revslider/templates/distortionaddon/slide5.jpg,9411
revslider/templates/distortionaddon/slide6.jpg,15162
revslider/templates/doubleexposureeffect/slide1.jpg,9444
revslider/templates/doubleexposureeffect/slide2.jpg,13730
revslider/templates/doubleexposureeffect/slide3.jpg,10662
revslider/templates/duotone/slide1.jpg,14197
revslider/templates/duotone/slide2.jpg,8010
revslider/templates/duotone/slide3.jpg,7422
revslider/templates/duotone/slide4.jpg,8896
revslider/templates/duotone/slide5.jpg,4613
revslider/templates/duotone/slide6.jpg,6570
revslider/templates/duotone-add-on/slide1.jpg,10918
revslider/templates/duotone-add-on/slide2.jpg,10937
revslider/templates/duotone-add-on/slide3.jpg,11370
revslider/templates/duotone2/slide1.jpg,14795
revslider/templates/duotone2/slide2.jpg,14795
revslider/templates/explorationheader/slide1.jpg,12775
revslider/templates/explorationheader/slide2.jpg,15899
revslider/templates/explorationheader/slide3.jpg,11475
revslider/templates/explorationheader/slide4.jpg,21897
revslider/templates/filmstrip/slide1.jpg,9988
revslider/templates/filmstrip/slide2.jpg,17232
revslider/templates/filmstrip/slide3.jpg,14328
revslider/templates/focusparallax/slide1.jpg,14577
revslider/templates/focusparallax/slide2.jpg,10302
revslider/templates/focusparallax/slide3.jpg,8078
revslider/templates/fullscreenmenu/slide1.jpg,16687
revslider/templates/fullscreenmenu/slide2.jpg,10391
revslider/templates/fullscreenmenu/slide3.jpg,12873
revslider/templates/fullscreenmenu/slide4.jpg,17280
revslider/templates/fullscreenmenu/slide5.jpg,12568
revslider/templates/fullsite-block-2-about/slide1.jpg,5393
revslider/templates/fullsite-block-2-about/slide2.jpg,4951
revslider/templates/fullsite-block-3-services/slide1.jpg,5720
revslider/templates/fullsite-block-3-services/slide2.jpg,5674
revslider/templates/fullsite-block-4-products/slide1.jpg,10522
revslider/templates/fullsite-block-4-products/slide2.jpg,6243
revslider/templates/fullsite-block-4-products/slide3.jpg,11839
revslider/templates/fullsite-block-4-products/slide4.jpg,9860
revslider/templates/fullsite-block-4-products/slide5.jpg,10364
revslider/templates/fullsite-block-5-testimonials/slide1.jpg,10030
revslider/templates/fullsite-block-6-callout/slide1.jpg,8539
revslider/templates/fullsite-block-7-footer/slide1.jpg,5267
revslider/templates/fullsite-block-menu/slide1.jpg,3529
revslider/templates/fullsite-block1/slide1.jpg,9565
revslider/templates/funkyslider/slide1.jpg,10596
revslider/templates/funkyslider/slide2.jpg,9336
revslider/templates/funkyslider/slide3.jpg,10025
revslider/templates/goodnewsblogcontent/slide1.jpg,8944
revslider/templates/goodnewsblogfooter/slide1.jpg,5927
revslider/templates/goodnewsblogheader/slide1.jpg,14656
revslider/templates/goodnewscallout/slide1.jpg,12359
revslider/templates/goodnewscarousel/slide1.jpg,11071
revslider/templates/goodnewscarousel/slide2.jpg,10934
revslider/templates/goodnewsfeatured/slide1.jpg,11913
revslider/templates/goodnewsfooter/slide1.jpg,5927
revslider/templates/goodnewsheader/slide1.jpg,12486
revslider/templates/goodnewsheader/slide2.jpg,13654
revslider/templates/goodnewsheader/slide3.jpg,8872
revslider/templates/goodnewsmenu/slide1.jpg,6507
revslider/templates/goodnewsmenuback/slide1.jpg,11832
revslider/templates/goodnewsspotlight/slide1.jpg,11736
revslider/templates/goodnewsspotlight/slide2.jpg,10333
revslider/templates/goodnewsspotlight/slide3.jpg,14266
revslider/templates/goodnewstestimonials/slide1.jpg,11339
revslider/templates/goodnewstestimonials/slide2.jpg,10492
revslider/templates/goodnewswhatshot/slide1.jpg,11801
revslider/templates/gravitydesign/slide1.jpg,18480
revslider/templates/imagegallery/slide1.jpg,17974
revslider/templates/imagegallery/slide2.jpg,9669
revslider/templates/imagegallery/slide3.jpg,10497
revslider/templates/imagegallery/slide4.jpg,13875
revslider/templates/imagegallery/slide5.jpg,11070
revslider/templates/imagegallery/slide6.jpg,15536
revslider/templates/imagegallery/slide7.jpg,20216
revslider/templates/imagegallery/slide8.jpg,10957
revslider/templates/immersion-design/slide1.jpg,5295
revslider/templates/immersion-grid/slide1.jpg,9593
revslider/templates/immersion-mountains/slide1.jpg,8212
revslider/templates/immersion-photography/slide1.jpg,5621
revslider/templates/immersion-product/slide1.jpg,5755
revslider/templates/immersion_header/slide1.jpg,3167
revslider/templates/innovation/slide1.jpg,8518
revslider/templates/innovation/slide2.jpg,7005
revslider/templates/innovation/slide3.jpg,10102
revslider/templates/inspirationheader/slide1.jpg,7562
revslider/templates/interactivewhiteboard/slide1.jpg,5590
revslider/templates/interactivewhiteboard/slide2.jpg,7471
revslider/templates/interactivewhiteboard/slide3.jpg,8495
revslider/templates/interactivewhiteboard/slide4.jpg,6367
revslider/templates/interactivewhiteboard/slide5.jpg,7812
revslider/templates/interactivewhiteboard/slide6.jpg,6864
revslider/templates/interactivewhiteboard/slide7.jpg,7895
revslider/templates/interactivewhiteboard/slide8.jpg,6260
revslider/templates/magazineposts/slide1.jpg,8653
revslider/templates/magazineposts/slide2.jpg,6143
revslider/templates/magazineposts/slide3.jpg,7480
revslider/templates/magazineposts/slide4.jpg,6068
revslider/templates/maskshowcase/slide1.jpg,12046
revslider/templates/maskshowcase/slide2.jpg,8637
revslider/templates/maskshowcase/slide3.jpg,10006
revslider/templates/maskshowcase/slide4.jpg,9497
revslider/templates/mountainparallaxheader/slide1.jpg,15407
revslider/templates/niceandclean_callout/slide1.jpg,6654
revslider/templates/niceandclean_footer/slide1.jpg,5399
revslider/templates/niceandclean_highlights/slide1.jpg,14071
revslider/templates/niceandclean_textblocks/slide1.jpg,6802
revslider/templates/niceandclean_video/slide1.jpg,13189
revslider/templates/ourteam/slide1.jpg,10479
revslider/templates/ourteam/slide2.jpg,8676
revslider/templates/ourteam/slide3.jpg,9749
revslider/templates/ourteam/slide4.jpg,9332
revslider/templates/ourteam/slide5.jpg,8552
revslider/templates/ourteam/slide6.jpg,7272
revslider/templates/ourteam/slide7.jpg,8805
revslider/templates/ourteamcarousel/slide1.jpg,10670
revslider/templates/ourteamcarousel/slide2.jpg,8676
revslider/templates/ourteamcarousel/slide3.jpg,9749
revslider/templates/ourteamcarousel/slide4.jpg,9332
revslider/templates/ourteamcarousel/slide5.jpg,8552
revslider/templates/ourteamcarousel/slide6.jpg,7272
revslider/templates/ourteamcarousel/slide7.jpg,8805
revslider/templates/overexposuretransition/slide1.jpg,10660
revslider/templates/overexposuretransition/slide2.jpg,10113
revslider/templates/overexposuretransition/slide3.jpg,8323
revslider/templates/parallaxscroll/slide1.jpg,17254
revslider/templates/parallaxzoomslices/slide1.jpg,11657
revslider/templates/parallaxzoomslices/slide2.jpg,6804
revslider/templates/parallaxzoomslices/slide3.jpg,7242
revslider/templates/parallaxzoomslices/slide4.jpg,12642
revslider/templates/parallaxzoomslices/slide5.jpg,10131
revslider/templates/particle-effect-one/slide1.jpg,7618
revslider/templates/particle-effect-one/slide2.jpg,10153
revslider/templates/particle-effect-one/slide3.jpg,7255
revslider/templates/particle-effect-three/slide1.jpg,9163
revslider/templates/particle-effect-two/slide1.jpg,8392
revslider/templates/portfolioviewer/slide1.jpg,12759
revslider/templates/portfolioviewer/slide2.jpg,11692
revslider/templates/portfolioviewer/slide3.jpg,11394
revslider/templates/portfolioviewer/slide4.jpg,17440
revslider/templates/portfolioviewer/slide5.jpg,9921
revslider/templates/portfolioviewer/slide6.jpg,12863
revslider/templates/productshowcase/slide1.jpg,7297
revslider/templates/productshowcase/slide2.jpg,7844
revslider/templates/productshowcase/slide3.jpg,6961
revslider/templates/r_about/slide1.jpg,7046
revslider/templates/r_hero/slide1.jpg,7170
revslider/templates/r_info/slide1.jpg,5201
revslider/templates/r_menu/slide1.jpg,4009
revslider/templates/r_products/slide1.jpg,7277
revslider/templates/r_products/slide2.jpg,9474
revslider/templates/r_products/slide3.jpg,8952
revslider/templates/reveal-add-on/slide1.jpg,10005
revslider/templates/reveal-add-on/slide2.jpg,10772
revslider/templates/reveal-add-on/slide3.jpg,14795
revslider/templates/rockband/slide1.jpg,11555
revslider/templates/rotatingwords/slide1.jpg,11125
revslider/templates/scrolleffect/slide1.jpg,13627
revslider/templates/scrolleffect/slide2.jpg,13106
revslider/templates/scrolleffect/slide3.jpg,13573
revslider/templates/sleeklandingpage/slide1.jpg,15272
revslider/templates/sleeklandingpage/slide2.jpg,13664
revslider/templates/sleeklandingpage/slide3.jpg,11743
revslider/templates/snowaddon/slide1.jpg,16385
revslider/templates/snowaddon/slide2.jpg,18460
revslider/templates/snowaddon/slide3.jpg,10466
revslider/templates/snowscene/slide1.jpg,12382
revslider/templates/snowscene/slide2.jpg,6920
revslider/templates/snowscene/slide3.jpg,11278
revslider/templates/spaceopera/slide1.jpg,12186
revslider/templates/spaceopera/slide2.jpg,11175
revslider/templates/spaceopera/slide3.jpg,13386
revslider/templates/spaceopera/slide4.jpg,12368
revslider/templates/spaceopera/slide5.jpg,12625
revslider/templates/standard-wp-gallery/slide1.jpg,17974
revslider/templates/techco-about/slide1.jpg,5695
revslider/templates/techco-footer/slide1.jpg,5538
revslider/templates/techco-header/slide1.jpg,7828
revslider/templates/techco-menu/slide1.jpg,5834
revslider/templates/techco-prices/slide1.jpg,8441
revslider/templates/techco-services/slide1.jpg,10497
revslider/templates/techco-testimonials/slide1.jpg,7723
revslider/templates/techco-testimonials/slide2.jpg,7723
revslider/templates/techco-testimonials/slide3.jpg,7723
revslider/templates/techco-video/slide1.jpg,7498
revslider/templates/techjournal/slide1.jpg,16421
revslider/templates/techjournal/slide2.jpg,12098
revslider/templates/techjournal/slide3.jpg,16020
revslider/templates/themeplicity_contactform/slide1.jpg,6954
revslider/templates/themeplicity_footer/slide1.jpg,8047
revslider/templates/themeplicity_header/slide1.jpg,6584
revslider/templates/themeplicity_menu/slide1.jpg,3599
revslider/templates/themeplicity_offer/slide1.jpg,7803
revslider/templates/themeplicity_projects/slide1.jpg,12039
revslider/templates/themeplicity_projects/slide2.jpg,14665
revslider/templates/themeplicity_projects/slide3.jpg,9071
revslider/templates/themeplicity_projects/slide4.jpg,12881
revslider/templates/themeplicity_tables/slide1.jpg,10587
revslider/templates/themeplicity_whatsgreat/slide1.jpg,9022
revslider/templates/themeplicity_whatwedo/slide1.jpg,6926
revslider/templates/typewritereffect/slide1.jpg,10072
revslider/templates/typewritereffect/slide2.jpg,9798
revslider/templates/typewritereffect/slide3.jpg,7826
revslider/templates/weather/slide1.jpg,22161
revslider/templates/weather/slide2.jpg,12030
revslider/templates/weather/slide3.jpg,15213
revslider/templates/weather/slide4.jpg,16018
revslider/templates/websitebuilder-calltoaction/slide1.jpg,14766
revslider/templates/websitebuilder-clients/slide1.jpg,3421
revslider/templates/websitebuilder-discover/slide1.jpg,12380
revslider/templates/websitebuilder-discover/slide2.jpg,13202
revslider/templates/websitebuilder-discover/slide3.jpg,14514
revslider/templates/websitebuilder-discover/slide4.jpg,12589
revslider/templates/websitebuilder-discover/slide5.jpg,9386
revslider/templates/websitebuilder-footer/slide1.jpg,6017
revslider/templates/websitebuilder-hero/slide1.jpg,10969
revslider/templates/websitebuilder-menu/slide1.jpg,3478
revslider/templates/websitebuilder-services/slide1.jpg,7501
revslider/templates/websitebuilder-slider/slide1.jpg,11882
revslider/templates/websitebuilder-slider/slide2.jpg,8682
revslider/templates/websiteintro/slide1.jpg,9751
revslider/templates/websiteintro/slide2.jpg,15195
revslider/templates/websiteintro/slide3.jpg,10219
revslider/templates/wonderstruck-contact/slide1.jpg,5492
revslider/templates/wonderstruck-works/slide1.jpg,8028
revslider/templates/wonderstruck_about/slide1.jpg,5996
revslider/templates/wonderstruck_about/slide2.jpg,5996
revslider/templates/wonderstruck_about/slide3.jpg,5996
revslider/templates/wonderstruck_about/slide4.jpg,5996
revslider/templates/wonderstruck_header/slide1.jpg,6827
revslider/templates/wonderstruck_menu/slide1.jpg,3525
sass/wc_predictive_search.css,6439
sass/wc_predictive_search.less,8635
sass/wc_predictive_search.min.css,5765
sass/wc_predictive_search_mixins.less,5256
ship-per-product-tFggzc.tmp,81669
strikingr/images/102_orange-scarf-wings-159x159.jpg,8367
strikingr/images/102_orange-scarf-wings-200x150.jpg,10294
strikingr/images/102_orange-scarf-wings-293x293.jpg,22324
strikingr/images/102_orange-scarf-wings-332x332.jpg,27299
strikingr/images/102_orange-scarf-wings-346x346.jpg,29235
strikingr/images/102_orange-scarf-wings-383x425.jpg,38450
strikingr/images/102_orange-scarf-wings-464x516.jpg,52361
strikingr/images/102_orange-scarf-wings-465x465.jpg,46791
strikingr/images/102_orange-scarf-wings-643x643.jpg,77067
strikingr/images/102_orange-scarf-wings-713x713.jpg,89198
strikingr/images/205_wingsofwin-support-320x127.png,38139
strikingr/images/205_wingsofwin-support-369x410.png,69911
strikingr/images/205_wingsofwin-support-628x250.png,77356
strikingr/images/205_wingsofwin-support-628x628.png,131055
strikingr/images/205_wingsofwin-support-628x698.png,112390
strikingr/images/205_wingsofwin-support-958x1064.png,173880
strikingr/images/205_wingsofwin-support-958x958.png,180480
strikingr/images/206_PayPal-320x127.jpg,16134
strikingr/images/206_PayPal-369x410.jpg,38202
strikingr/images/206_PayPal-369x96.jpg,11162
strikingr/images/206_PayPal-628x250.jpg,41946
strikingr/images/206_PayPal-628x628.jpg,76567
strikingr/images/206_PayPal-628x698.jpg,83472
strikingr/images/206_PayPal-958x1064.jpg,157371
strikingr/images/206_PayPal-958x958.jpg,145170
strikingr/images/208_delivery-map-WingsOfWin-282x74.png,9399
strikingr/images/208_delivery-map-WingsOfWin-320x127.png,25325
strikingr/images/208_delivery-map-WingsOfWin-320x84.png,11681
strikingr/images/208_delivery-map-WingsOfWin-369x410.png,115952
strikingr/images/208_delivery-map-WingsOfWin-628x250.png,63879
strikingr/images/208_delivery-map-WingsOfWin-628x628.png,212748
strikingr/images/208_delivery-map-WingsOfWin-628x698.png,200862
strikingr/images/208_delivery-map-WingsOfWin-958x1064.png,289692
strikingr/images/208_delivery-map-WingsOfWin-958x958.png,287941
strikingr/images/209_SatisfactionGuaranteed-320x127.png,34469
strikingr/images/209_SatisfactionGuaranteed-369x410.png,197920
strikingr/images/209_SatisfactionGuaranteed-628x250.png,103723
strikingr/images/209_SatisfactionGuaranteed-628x628.png,325433
strikingr/images/209_SatisfactionGuaranteed-628x698.png,314729
strikingr/images/209_SatisfactionGuaranteed-958x1064.png,496667
strikingr/images/209_SatisfactionGuaranteed-958x958.png,412712
strikingr/images/210_ContactForm-320x127.png,9812
strikingr/images/210_ContactForm-369x410.png,58591
strikingr/images/210_ContactForm-628x250.png,20861
strikingr/images/210_ContactForm-628x628.png,102071
strikingr/images/210_ContactForm-628x698.png,102745
strikingr/images/314_packaging-WingsOfWin-282x282.jpg,11247
strikingr/images/314_packaging-WingsOfWin-369x410.jpg,19141
strikingr/images/314_packaging-WingsOfWin-628x250.jpg,11154
strikingr/images/314_packaging-WingsOfWin-628x628.jpg,37560
strikingr/images/314_packaging-WingsOfWin-628x698.jpg,43559
strikingr/images/330_privacyPolicy-1-628x250.gif,50324
strikingr/images/330_privacyPolicy-1-628x698.gif,119779
strikingr/images/330_privacyPolicy-1-958x1064.gif,254993
strikingr/images/330_privacyPolicy-1-958x250.gif,71248
strikingr/images/330_privacyPolicy-1-958x958.gif,216668
strikingr/images/332_abstract-butterfly-282x282.jpg,17857
strikingr/images/332_abstract-butterfly-369x410.jpg,25207
strikingr/images/332_abstract-butterfly-628x250.jpg,38228
strikingr/images/332_abstract-butterfly-628x628.jpg,52971
strikingr/images/332_abstract-butterfly-628x698.jpg,54471
strikingr/images/345_Black-Angel-Wings-Scarfs-159x159.jpg,5643
strikingr/images/345_Black-Angel-Wings-Scarfs-200x150.jpg,6762
strikingr/images/345_Black-Angel-Wings-Scarfs-293x293.jpg,14389
strikingr/images/345_Black-Angel-Wings-Scarfs-332x332.jpg,17665
strikingr/images/345_Black-Angel-Wings-Scarfs-346x346.jpg,18840
strikingr/images/345_Black-Angel-Wings-Scarfs-383x383.jpg,21773
strikingr/images/345_Black-Angel-Wings-Scarfs-383x425.jpg,24527
strikingr/images/345_Black-Angel-Wings-Scarfs-384x384.jpg,22390
strikingr/images/345_Black-Angel-Wings-Scarfs-464x516.jpg,34144
strikingr/images/345_Black-Angel-Wings-Scarfs-465x465.jpg,29964
strikingr/images/345_Black-Angel-Wings-Scarfs-643x643.jpg,49701
strikingr/images/345_Black-Angel-Wings-Scarfs-713x713.jpg,58034
strikingr/images/350_Free-Wings-shawl-159x159.jpg,9173
strikingr/images/350_Free-Wings-shawl-293x293.jpg,24816
strikingr/images/350_Free-Wings-shawl-332x332.jpg,30323
strikingr/images/350_Free-Wings-shawl-346x346.jpg,32470
strikingr/images/350_Free-Wings-shawl-383x383.jpg,38236
strikingr/images/350_Free-Wings-shawl-383x425.jpg,43643
strikingr/images/350_Free-Wings-shawl-384x384.jpg,38355
strikingr/images/350_Free-Wings-shawl-464x516.jpg,59723
strikingr/images/350_Free-Wings-shawl-465x465.jpg,52717
strikingr/images/350_Free-Wings-shawl-643x643.jpg,89264
strikingr/images/350_Free-Wings-shawl-713x713.jpg,103888
strikingr/images/353_Green-Wings-Scarf-159x159.jpg,5046
strikingr/images/353_Green-Wings-Scarf-464x516.jpg,26984
strikingr/images/355_yellow-scarf-159x159.jpg,5757
strikingr/images/355_yellow-scarf-200x150.jpg,6809
strikingr/images/355_yellow-scarf-464x516.jpg,36102
strikingr/images/358_scarves-angel-wings-159x159.jpg,6754
strikingr/images/358_scarves-angel-wings-293x293.jpg,18503
strikingr/images/358_scarves-angel-wings-332x332.jpg,22676
strikingr/images/358_scarves-angel-wings-346x346.jpg,24265
strikingr/images/358_scarves-angel-wings-383x425.jpg,31273
strikingr/images/358_scarves-angel-wings-464x516.jpg,43351
strikingr/images/358_scarves-angel-wings-465x465.jpg,39284
strikingr/images/358_scarves-angel-wings-643x643.jpg,66494
strikingr/images/358_scarves-angel-wings-713x713.jpg,77341
strikingr/images/367_Coffee-Scarf-Bird-Wings-137x137.jpg,5331
strikingr/images/367_Coffee-Scarf-Bird-Wings-159x159.jpg,6407
strikingr/images/367_Coffee-Scarf-Bird-Wings-293x293.jpg,15855
strikingr/images/367_Coffee-Scarf-Bird-Wings-306x340.jpg,18740
strikingr/images/367_Coffee-Scarf-Bird-Wings-332x332.jpg,19126
strikingr/images/367_Coffee-Scarf-Bird-Wings-346x346.jpg,20686
strikingr/images/367_Coffee-Scarf-Bird-Wings-383x383.jpg,23732
strikingr/images/367_Coffee-Scarf-Bird-Wings-383x425.jpg,26521
strikingr/images/367_Coffee-Scarf-Bird-Wings-384x384.jpg,24135
strikingr/images/367_Coffee-Scarf-Bird-Wings-464x516.jpg,36286
strikingr/images/367_Coffee-Scarf-Bird-Wings-465x465.jpg,32196
strikingr/images/367_Coffee-Scarf-Bird-Wings-643x643.jpg,53453
strikingr/images/367_Coffee-Scarf-Bird-Wings-713x713.jpg,62213
strikingr/images/371_wings-shawls-137x137.jpg,5901
strikingr/images/371_wings-shawls-159x159.jpg,7166
strikingr/images/371_wings-shawls-200x150.jpg,9033
strikingr/images/371_wings-shawls-293x293.jpg,18344
strikingr/images/371_wings-shawls-306x340.jpg,22243
strikingr/images/371_wings-shawls-332x332.jpg,22458
strikingr/images/371_wings-shawls-346x346.jpg,24021
strikingr/images/371_wings-shawls-383x383.jpg,27618
strikingr/images/371_wings-shawls-383x425.jpg,31609
strikingr/images/371_wings-shawls-384x384.jpg,27921
strikingr/images/371_wings-shawls-464x516.jpg,42993
strikingr/images/371_wings-shawls-465x465.jpg,37666
strikingr/images/371_wings-shawls-643x643.jpg,62233
strikingr/images/371_wings-shawls-713x713.jpg,72401
strikingr/images/373_Boho-scarf-Wrap-332x332.jpg,28475
strikingr/images/373_Boho-scarf-Wrap-464x516.jpg,54491
strikingr/images/374_Silk-scarf-Angel-Wings-200x150.jpg,9911
strikingr/images/374_Silk-scarf-Angel-Wings-332x332.jpg,26415
strikingr/images/374_Silk-scarf-Angel-Wings-464x516.jpg,51302
strikingr/images/376_Bird-Accessories-159x159.jpg,7250
strikingr/images/376_Bird-Accessories-200x150.jpg,8505
strikingr/images/376_Bird-Accessories-293x293.jpg,20037
strikingr/images/376_Bird-Accessories-332x332.jpg,25053
strikingr/images/376_Bird-Accessories-383x383.jpg,31763
strikingr/images/376_Bird-Accessories-383x425.jpg,36992
strikingr/images/376_Bird-Accessories-464x516.jpg,52289
strikingr/images/379_scarfs-women-159x159.jpg,8011
strikingr/images/379_scarfs-women-464x516.jpg,49686
strikingr/images/380_Scarves-wings-159x159.jpg,8454
strikingr/images/380_Scarves-wings-200x150.jpg,10800
strikingr/images/380_Scarves-wings-464x516.jpg,60024
strikingr/images/388_A-silk-scarf-turquoise-159x159.jpg,8067
strikingr/images/388_A-silk-scarf-turquoise-293x293.jpg,20918
strikingr/images/388_A-silk-scarf-turquoise-332x332.jpg,25457
strikingr/images/388_A-silk-scarf-turquoise-346x346.jpg,26956
strikingr/images/388_A-silk-scarf-turquoise-383x383.jpg,31319
strikingr/images/388_A-silk-scarf-turquoise-383x425.jpg,35327
strikingr/images/388_A-silk-scarf-turquoise-384x384.jpg,32010
strikingr/images/388_A-silk-scarf-turquoise-464x516.jpg,47853
strikingr/images/388_A-silk-scarf-turquoise-567x567.jpg,57224
strikingr/images/389_scarf-Wings-Shawl-200x150.jpg,12078
strikingr/images/389_scarf-Wings-Shawl-332x332.jpg,31882
strikingr/images/389_scarf-Wings-Shawl-464x516.jpg,62876
strikingr/images/391_Clothing-Boho-Trendy-Wings-159x159.jpg,8548
strikingr/images/391_Clothing-Boho-Trendy-Wings-293x293.jpg,21560
strikingr/images/391_Clothing-Boho-Trendy-Wings-332x332.jpg,26183
strikingr/images/391_Clothing-Boho-Trendy-Wings-346x346.jpg,27794
strikingr/images/391_Clothing-Boho-Trendy-Wings-383x383.jpg,32136
strikingr/images/391_Clothing-Boho-Trendy-Wings-383x425.jpg,36540
strikingr/images/391_Clothing-Boho-Trendy-Wings-384x384.jpg,32594
strikingr/images/391_Clothing-Boho-Trendy-Wings-464x516.jpg,49155
strikingr/images/392_Sarong-Cover-Scarf-159x159.jpg,5724
strikingr/images/392_Sarong-Cover-Scarf-200x150.jpg,6644
strikingr/images/392_Sarong-Cover-Scarf-293x293.jpg,14984
strikingr/images/392_Sarong-Cover-Scarf-332x332.jpg,18478
strikingr/images/392_Sarong-Cover-Scarf-346x346.jpg,19607
strikingr/images/392_Sarong-Cover-Scarf-383x383.jpg,22840
strikingr/images/392_Sarong-Cover-Scarf-383x425.jpg,25861
strikingr/images/392_Sarong-Cover-Scarf-384x384.jpg,23185
strikingr/images/392_Sarong-Cover-Scarf-464x516.jpg,36120
strikingr/images/395_Cotton-Red-Scarf-Wings-159x159.jpg,10482
strikingr/images/395_Cotton-Red-Scarf-Wings-293x293.jpg,26629
strikingr/images/395_Cotton-Red-Scarf-Wings-332x332.jpg,32127
strikingr/images/395_Cotton-Red-Scarf-Wings-346x346.jpg,34151
strikingr/images/395_Cotton-Red-Scarf-Wings-383x425.jpg,45021
strikingr/images/395_Cotton-Red-Scarf-Wings-464x516.jpg,60359
strikingr/images/395_Cotton-Red-Scarf-Wings-465x465.jpg,53168
strikingr/images/395_Cotton-Red-Scarf-Wings-643x643.jpg,86401
strikingr/images/395_Cotton-Red-Scarf-Wings-713x713.jpg,100432
strikingr/images/396_Oversized-Sized-Scarf-464x516.jpg,38548
strikingr/images/398_Red-Wrap-Scarfs-200x150.jpg,6343
strikingr/images/398_Red-Wrap-Scarfs-464x516.jpg,31783
strikingr/images/399_scarf-sarong-159x159.jpg,6308
strikingr/images/399_scarf-sarong-200x150.jpg,7695
strikingr/images/399_scarf-sarong-293x293.jpg,15751
strikingr/images/399_scarf-sarong-332x332.jpg,19350
strikingr/images/399_scarf-sarong-346x346.jpg,20648
strikingr/images/399_scarf-sarong-383x425.jpg,26887
strikingr/images/399_scarf-sarong-464x516.jpg,36734
strikingr/images/399_scarf-sarong-465x465.jpg,32359
strikingr/images/399_scarf-sarong-643x643.jpg,53361
strikingr/images/399_scarf-sarong-713x713.jpg,61702
strikingr/images/401_Bohemian-Feathers-Shawl-159x159.jpg,9332
strikingr/images/401_Bohemian-Feathers-Shawl-293x293.jpg,23122
strikingr/images/401_Bohemian-Feathers-Shawl-332x332.jpg,28009
strikingr/images/401_Bohemian-Feathers-Shawl-383x383.jpg,34487
strikingr/images/401_Bohemian-Feathers-Shawl-383x425.jpg,38831
strikingr/images/401_Bohemian-Feathers-Shawl-464x516.jpg,52391
strikingr/images/405_Orange-Woman-Silk-Shawl-159x159.jpg,7703
strikingr/images/405_Orange-Woman-Silk-Shawl-293x293.jpg,21045
strikingr/images/405_Orange-Woman-Silk-Shawl-332x332.jpg,25858
strikingr/images/405_Orange-Woman-Silk-Shawl-346x346.jpg,27631
strikingr/images/405_Orange-Woman-Silk-Shawl-383x383.jpg,32402
strikingr/images/405_Orange-Woman-Silk-Shawl-383x425.jpg,37475
strikingr/images/405_Orange-Woman-Silk-Shawl-384x384.jpg,32729
strikingr/images/405_Orange-Woman-Silk-Shawl-464x516.jpg,51122
strikingr/images/412_Owl-Scarf-159x159.jpg,6146
strikingr/images/412_Owl-Scarf-200x150.jpg,6882
strikingr/images/412_Owl-Scarf-464x516.jpg,35317
strikingr/images/421_Purple-Winged-Scarfs-464x516.jpg,50719
strikingr/images/422_Silk-Satin-Wings-464x516.jpg,57168
strikingr/images/425_Bridesmaid-Accessories-200x150.jpg,9516
strikingr/images/425_Bridesmaid-Accessories-293x293.jpg,17938
strikingr/images/425_Bridesmaid-Accessories-332x332.jpg,21485
strikingr/images/425_Bridesmaid-Accessories-346x346.jpg,23240
strikingr/images/425_Bridesmaid-Accessories-383x425.jpg,28302
strikingr/images/425_Bridesmaid-Accessories-464x516.jpg,38755
strikingr/images/425_Bridesmaid-Accessories-535x535.jpg,46090
strikingr/images/426_Wedding-Bridal-Party-Scarves-293x293.jpg,21280
strikingr/images/426_Wedding-Bridal-Party-Scarves-332x332.jpg,26511
strikingr/images/426_Wedding-Bridal-Party-Scarves-346x346.jpg,28526
strikingr/images/426_Wedding-Bridal-Party-Scarves-383x425.jpg,39613
strikingr/images/426_Wedding-Bridal-Party-Scarves-464x516.jpg,55734
strikingr/images/426_Wedding-Bridal-Party-Scarves-535x535.jpg,60999
strikingr/images/429_Gothic-Scarf-159x159.jpg,7516
strikingr/images/429_Gothic-Scarf-293x293.jpg,19543
strikingr/images/429_Gothic-Scarf-332x332.jpg,23824
strikingr/images/429_Gothic-Scarf-346x346.jpg,25438
strikingr/images/429_Gothic-Scarf-383x383.jpg,29752
strikingr/images/429_Gothic-Scarf-383x425.jpg,34072
strikingr/images/429_Gothic-Scarf-384x384.jpg,29922
strikingr/images/429_Gothic-Scarf-464x516.jpg,46768
strikingr/images/430_Halloween-Black-Silk-Shawl-Wings-159x159.jpg,6941
strikingr/images/430_Halloween-Black-Silk-Shawl-Wings-293x293.jpg,16992
strikingr/images/430_Halloween-Black-Silk-Shawl-Wings-332x332.jpg,20564
strikingr/images/430_Halloween-Black-Silk-Shawl-Wings-346x346.jpg,21763
strikingr/images/430_Halloween-Black-Silk-Shawl-Wings-383x383.jpg,25127
strikingr/images/430_Halloween-Black-Silk-Shawl-Wings-383x425.jpg,27604
strikingr/images/430_Halloween-Black-Silk-Shawl-Wings-384x384.jpg,25563
strikingr/images/430_Halloween-Black-Silk-Shawl-Wings-464x516.jpg,37418
strikingr/images/434_Owl-Scarf-White-383x425.jpg,30950
strikingr/images/434_Owl-Scarf-White-464x516.jpg,42069
strikingr/images/435_Silk-owl-scarf-383x425.jpg,23906
strikingr/images/435_Silk-owl-scarf-464x516.jpg,32652
strikingr/images/436_Family-Look-159x159.jpg,6572
strikingr/images/436_Family-Look-200x150.jpg,8405
strikingr/images/436_Family-Look-293x293.jpg,16270
strikingr/images/436_Family-Look-332x332.jpg,19539
strikingr/images/436_Family-Look-346x346.jpg,21099
strikingr/images/436_Family-Look-383x383.jpg,24314
strikingr/images/436_Family-Look-383x425.jpg,27697
strikingr/images/436_Family-Look-384x384.jpg,24711
strikingr/images/436_Family-Look-464x516.jpg,38235
strikingr/images/436_Family-Look-567x567.jpg,45264
strikingr/images/440_Bridesmaids-Gift-Accessories-200x150.jpg,8285
strikingr/images/440_Bridesmaids-Gift-Accessories-293x293.jpg,15080
strikingr/images/440_Bridesmaids-Gift-Accessories-332x332.jpg,18733
strikingr/images/440_Bridesmaids-Gift-Accessories-346x346.jpg,19701
strikingr/images/440_Bridesmaids-Gift-Accessories-383x425.jpg,24019
strikingr/images/440_Bridesmaids-Gift-Accessories-464x516.jpg,32462
strikingr/images/440_Bridesmaids-Gift-Accessories-535x535.jpg,38085
strikingr/images/445_Family-Look-White-Scarf-159x159.jpg,7418
strikingr/images/445_Family-Look-White-Scarf-200x150.jpg,7555
strikingr/images/445_Family-Look-White-Scarf-293x293.jpg,17833
strikingr/images/445_Family-Look-White-Scarf-332x332.jpg,21574
strikingr/images/445_Family-Look-White-Scarf-346x346.jpg,22970
strikingr/images/445_Family-Look-White-Scarf-383x383.jpg,26647
strikingr/images/445_Family-Look-White-Scarf-383x425.jpg,28430
strikingr/images/445_Family-Look-White-Scarf-384x384.jpg,25942
strikingr/images/445_Family-Look-White-Scarf-464x464.jpg,35710
strikingr/images/445_Family-Look-White-Scarf-464x516.jpg,38206
strikingr/images/445_Family-Look-White-Scarf-500x500.jpg,40447
strikingr/images/445_Family-Look-White-Scarf-567x567.jpg,48707
strikingr/images/480_BoxWingsOfWin.com_-159x159.jpg,5746
strikingr/images/480_BoxWingsOfWin.com_-293x293.jpg,12661
strikingr/images/480_BoxWingsOfWin.com_-332x332.jpg,15273
strikingr/images/480_BoxWingsOfWin.com_-346x346.jpg,16128
strikingr/images/480_BoxWingsOfWin.com_-383x383.jpg,18351
strikingr/images/480_BoxWingsOfWin.com_-383x425.jpg,21106
strikingr/images/480_BoxWingsOfWin.com_-384x384.jpg,18563
strikingr/images/480_BoxWingsOfWin.com_-464x516.jpg,28279
strikingr/images/480_BoxWingsOfWin.com_-535x535.jpg,31138
strikingr/images/480_BoxWingsOfWin.com_-567x567.jpg,33077
strikingr/images/495_Scarves-Gothic-Silk-Fiber-159x159.jpg,7212
strikingr/images/495_Scarves-Gothic-Silk-Fiber-293x293.jpg,18607
strikingr/images/495_Scarves-Gothic-Silk-Fiber-332x332.jpg,22892
strikingr/images/495_Scarves-Gothic-Silk-Fiber-383x425.jpg,31118
strikingr/images/495_Scarves-Gothic-Silk-Fiber-464x516.jpg,41559
strikingr/images/495_Scarves-Gothic-Silk-Fiber-465x465.jpg,37070
strikingr/images/498_Oversized-Wrap-Scarfs-159x159.jpg,6758
strikingr/images/498_Oversized-Wrap-Scarfs-293x293.jpg,15983
strikingr/images/498_Oversized-Wrap-Scarfs-332x332.jpg,19247
strikingr/images/498_Oversized-Wrap-Scarfs-383x425.jpg,24759
strikingr/images/498_Oversized-Wrap-Scarfs-464x516.jpg,33120
strikingr/images/62_BlueAngelWingsScarfs-159x159.jpg,9570
strikingr/images/62_BlueAngelWingsScarfs-200x150.jpg,12410
strikingr/images/62_BlueAngelWingsScarfs-293x293.jpg,27514
strikingr/images/62_BlueAngelWingsScarfs-332x332.jpg,34307
strikingr/images/62_BlueAngelWingsScarfs-346x346.jpg,37146
strikingr/images/62_BlueAngelWingsScarfs-383x383.jpg,43748
strikingr/images/62_BlueAngelWingsScarfs-383x425.jpg,52091
strikingr/images/62_BlueAngelWingsScarfs-384x384.jpg,44103
strikingr/images/62_BlueAngelWingsScarfs-464x516.jpg,72067
strikingr/images/62_BlueAngelWingsScarfs-465x465.jpg,61236
strikingr/images/62_BlueAngelWingsScarfs-643x643.jpg,105670
strikingr/images/62_BlueAngelWingsScarfs-713x713.jpg,124322
strikingr/images/65_FairyBlueAngelWings-159x159.jpg,6213
strikingr/images/65_FairyBlueAngelWings-293x293.jpg,16700
strikingr/images/65_FairyBlueAngelWings-332x332.jpg,20697
strikingr/images/65_FairyBlueAngelWings-346x346.jpg,22168
strikingr/images/65_FairyBlueAngelWings-383x383.jpg,25814
strikingr/images/65_FairyBlueAngelWings-383x425.jpg,29862
strikingr/images/65_FairyBlueAngelWings-384x384.jpg,26425
strikingr/images/65_FairyBlueAngelWings-464x516.jpg,41576
strikingr/images/65_FairyBlueAngelWings-465x465.jpg,35991
strikingr/images/65_FairyBlueAngelWings-643x643.jpg,61356
strikingr/images/65_FairyBlueAngelWings-713x713.jpg,71934
strikingr/images/68_ShawlsWhiteAngelWings-159x159.jpg,8592
strikingr/images/68_ShawlsWhiteAngelWings-200x150.jpg,10438
strikingr/images/68_ShawlsWhiteAngelWings-332x332.jpg,30218
strikingr/images/68_ShawlsWhiteAngelWings-464x516.jpg,62793
strikingr/images/70_BirdsWingsShawls-159x159.jpg,7556
strikingr/images/70_BirdsWingsShawls-200x150.jpg,9062
strikingr/images/70_BirdsWingsShawls-293x293.jpg,20892
strikingr/images/70_BirdsWingsShawls-332x332.jpg,25804
strikingr/images/70_BirdsWingsShawls-383x383.jpg,32889
strikingr/images/70_BirdsWingsShawls-383x425.jpg,38391
strikingr/images/70_BirdsWingsShawls-464x516.jpg,53945
strikingr/images/71_BirdWingsScarfs-159x159.jpg,11001
strikingr/images/71_BirdWingsScarfs-200x150.jpg,14451
strikingr/images/71_BirdWingsScarfs-293x293.jpg,31508
strikingr/images/71_BirdWingsScarfs-332x332.jpg,39087
strikingr/images/71_BirdWingsScarfs-346x346.jpg,41856
strikingr/images/71_BirdWingsScarfs-383x425.jpg,56147
strikingr/images/71_BirdWingsScarfs-464x516.jpg,77124
strikingr/images/71_BirdWingsScarfs-465x465.jpg,68931
strikingr/images/71_BirdWingsScarfs-643x643.jpg,117456
strikingr/images/71_BirdWingsScarfs-713x713.jpg,137596
strikingr/images/76_ScarvesCotton-159x159.jpg,7033
strikingr/images/76_ScarvesCotton-200x150.jpg,8198
strikingr/images/76_ScarvesCotton-293x293.jpg,17843
strikingr/images/76_ScarvesCotton-332x332.jpg,21837
strikingr/images/76_ScarvesCotton-383x383.jpg,27091
strikingr/images/76_ScarvesCotton-383x425.jpg,30880
strikingr/images/76_ScarvesCotton-464x516.jpg,42277
strikingr/images/77_ScarvesSilk-159x159.jpg,9097
strikingr/images/77_ScarvesSilk-293x293.jpg,24996
strikingr/images/77_ScarvesSilk-332x332.jpg,30773
strikingr/images/77_ScarvesSilk-383x383.jpg,38976
strikingr/images/77_ScarvesSilk-383x425.jpg,45837
strikingr/images/77_ScarvesSilk-464x516.jpg,62574
strikingr/images/85_ShawlWhiteAngelWings-159x159.jpg,7744
strikingr/images/85_ShawlWhiteAngelWings-332x332.jpg,27449
strikingr/images/85_ShawlWhiteAngelWings-464x516.jpg,54917
strikingr/images/87_FairyBirdScarves-159x159.jpg,5452
strikingr/images/87_FairyBirdScarves-293x293.jpg,14644
strikingr/images/87_FairyBirdScarves-332x332.jpg,18126
strikingr/images/87_FairyBirdScarves-346x346.jpg,19437
strikingr/images/87_FairyBirdScarves-383x425.jpg,25641
strikingr/images/87_FairyBirdScarves-464x516.jpg,36038
strikingr/images/87_FairyBirdScarves-465x465.jpg,31519
strikingr/images/87_FairyBirdScarves-643x643.jpg,53427
strikingr/images/87_FairyBirdScarves-713x713.jpg,62322
strikingr/images/88_purple-wings-shawl-159x159.jpg,7061
strikingr/images/88_purple-wings-shawl-200x150.jpg,8722
strikingr/images/88_purple-wings-shawl-332x332.jpg,22958
strikingr/images/88_purple-wings-shawl-464x516.jpg,45370
strikingr/images/89_purple-scarf-woman-159x159.jpg,4927
strikingr/images/89_purple-scarf-woman-332x332.jpg,14700
strikingr/images/89_purple-scarf-woman-464x516.jpg,27195
strikingr/images/index.html,0
strikingr/index.html,0
strikingr/skin.css,30743
ulp/index.html,20
ulp/temp/cache-5f971dc9ca7a7a8556023b5b5290f8f7.txt,1402
ulp/temp/cache-f55a29d6f17ba0a4dc84f9eb245611fb.txt,20228
ulp/temp/index.html,20
wc-logs/.htaccess,13
wc-logs/geolocation-670f081c8dfb3b16aee937715a09b5b6.log,690
wc-logs/index.html,0
wc-logs/test-log.log,0
woocommerce_uploads/.htaccess,13
woocommerce_uploads/index.html,0
